x	y
NaN	NaN
5.0	5.0
5.0	15.0
5.0	25.0
5.0	35.0
5.0	45.0
5.0	55.0
5.0	65.0
5.0	75.0
5.0	85.0
5.0	95.0
5.0	105.0
5.0	115.0
5.0	125.0
5.0	135.0
5.0	145.0
5.0	155.0
5.0	165.0
5.0	175.0
5.0	185.0
5.0	195.0
5.0	205.0
5.0	215.0
5.0	225.0
5.0	235.0
5.0	245.0
5.0	255.0
5.0	265.0
5.0	275.0
5.0	285.0
5.0	295.0
5.0	305.0
5.0	315.0
5.0	325.0
5.0	335.0
5.0	345.0
5.0	355.0
5.0	365.0
5.0	375.0
5.0	385.0
5.0	395.0
5.0	405.0
5.0	415.0
5.0	425.0
5.0	435.0
5.0	445.0
5.0	455.0
5.0	465.0
5.0	475.0
5.0	485.0
5.0	495.0
5.0	505.0
5.0	515.0
5.0	525.0
5.0	535.0
5.0	545.0
5.0	555.0
5.0	565.0
5.0	575.0
5.0	585.0
5.0	595.0
5.0	605.0
5.0	615.0
5.0	625.0
5.0	635.0
5.0	645.0
5.0	655.0
5.0	665.0
5.0	675.0
5.0	685.0
5.0	695.0
5.0	705.0
5.0	715.0
5.0	725.0
5.0	735.0
5.0	745.0
5.0	755.0
5.0	765.0
5.0	775.0
5.0	785.0
5.0	795.0
5.0	805.0
5.0	815.0
5.0	825.0
5.0	835.0
5.0	845.0
5.0	855.0
5.0	865.0
5.0	875.0
5.0	885.0
5.0	895.0
5.0	905.0
5.0	915.0
5.0	925.0
5.0	935.0
5.0	945.0
5.0	955.0
5.0	965.0
5.0	975.0
5.0	985.0
5.0	995.0
15.0	5.0
15.0	15.0
15.0	25.0
15.0	35.0
15.0	45.0
15.0	55.0
15.0	65.0
15.0	75.0
15.0	85.0
15.0	95.0
15.0	105.0
15.0	115.0
15.0	125.0
15.0	135.0
15.0	145.0
15.0	155.0
15.0	165.0
15.0	175.0
15.0	185.0
15.0	195.0
15.0	205.0
15.0	215.0
15.0	225.0
15.0	235.0
15.0	245.0
15.0	255.0
15.0	265.0
15.0	275.0
15.0	285.0
15.0	295.0
15.0	305.0
15.0	315.0
15.0	325.0
15.0	335.0
15.0	345.0
15.0	355.0
15.0	365.0
15.0	375.0
15.0	385.0
15.0	395.0
15.0	405.0
15.0	415.0
15.0	425.0
15.0	435.0
15.0	445.0
15.0	455.0
15.0	465.0
15.0	475.0
15.0	485.0
15.0	495.0
15.0	505.0
15.0	515.0
15.0	525.0
15.0	535.0
15.0	545.0
15.0	555.0
15.0	565.0
15.0	575.0
15.0	585.0
15.0	595.0
15.0	605.0
15.0	615.0
15.0	625.0
15.0	635.0
15.0	645.0
15.0	655.0
15.0	665.0
15.0	675.0
15.0	685.0
15.0	695.0
15.0	705.0
15.0	715.0
15.0	725.0
15.0	735.0
15.0	745.0
15.0	755.0
15.0	765.0
15.0	775.0
15.0	785.0
15.0	795.0
15.0	805.0
15.0	815.0
15.0	825.0
15.0	835.0
15.0	845.0
15.0	855.0
15.0	865.0
15.0	875.0
15.0	885.0
15.0	895.0
15.0	905.0
15.0	915.0
15.0	925.0
15.0	935.0
15.0	945.0
15.0	955.0
15.0	965.0
15.0	975.0
15.0	985.0
15.0	995.0
25.0	5.0
25.0	15.0
25.0	25.0
25.0	35.0
25.0	45.0
25.0	55.0
25.0	65.0
25.0	75.0
25.0	85.0
25.0	95.0
25.0	105.0
25.0	115.0
25.0	125.0
25.0	135.0
25.0	145.0
25.0	155.0
25.0	165.0
25.0	175.0
25.0	185.0
25.0	195.0
25.0	205.0
25.0	215.0
25.0	225.0
25.0	235.0
25.0	245.0
25.0	255.0
25.0	265.0
25.0	275.0
25.0	285.0
25.0	295.0
25.0	305.0
25.0	315.0
25.0	325.0
25.0	335.0
25.0	345.0
25.0	355.0
25.0	365.0
25.0	375.0
25.0	385.0
25.0	395.0
25.0	405.0
25.0	415.0
25.0	425.0
25.0	435.0
25.0	445.0
25.0	455.0
25.0	465.0
25.0	475.0
25.0	485.0
25.0	495.0
25.0	505.0
25.0	515.0
25.0	525.0
25.0	535.0
25.0	545.0
25.0	555.0
25.0	565.0
25.0	575.0
25.0	585.0
25.0	595.0
25.0	605.0
25.0	615.0
25.0	625.0
25.0	635.0
25.0	645.0
25.0	655.0
25.0	665.0
25.0	675.0
25.0	685.0
25.0	695.0
25.0	705.0
25.0	715.0
25.0	725.0
25.0	735.0
25.0	745.0
25.0	755.0
25.0	765.0
25.0	775.0
25.0	785.0
25.0	795.0
25.0	805.0
25.0	815.0
25.0	825.0
25.0	835.0
25.0	845.0
25.0	855.0
25.0	865.0
25.0	875.0
25.0	885.0
25.0	895.0
25.0	905.0
25.0	915.0
25.0	925.0
25.0	935.0
25.0	945.0
25.0	955.0
25.0	965.0
25.0	975.0
25.0	985.0
25.0	995.0
35.0	5.0
35.0	15.0
35.0	25.0
35.0	35.0
35.0	45.0
35.0	55.0
35.0	65.0
35.0	75.0
35.0	85.0
35.0	95.0
35.0	105.0
35.0	115.0
35.0	125.0
35.0	135.0
35.0	145.0
35.0	155.0
35.0	165.0
35.0	175.0
35.0	185.0
35.0	195.0
35.0	205.0
35.0	215.0
35.0	225.0
35.0	235.0
35.0	245.0
35.0	255.0
35.0	265.0
35.0	275.0
35.0	285.0
35.0	295.0
35.0	305.0
35.0	315.0
35.0	325.0
35.0	335.0
35.0	345.0
35.0	355.0
35.0	365.0
35.0	375.0
35.0	385.0
35.0	395.0
35.0	405.0
35.0	415.0
35.0	425.0
35.0	435.0
35.0	445.0
35.0	455.0
35.0	465.0
35.0	475.0
35.0	485.0
35.0	495.0
35.0	505.0
35.0	515.0
35.0	525.0
35.0	535.0
35.0	545.0
35.0	555.0
35.0	565.0
35.0	575.0
35.0	585.0
35.0	595.0
35.0	605.0
35.0	615.0
35.0	625.0
35.0	635.0
35.0	645.0
35.0	655.0
35.0	665.0
35.0	675.0
35.0	685.0
35.0	695.0
35.0	705.0
35.0	715.0
35.0	725.0
35.0	735.0
35.0	745.0
35.0	755.0
35.0	765.0
35.0	775.0
35.0	785.0
35.0	795.0
35.0	805.0
35.0	815.0
35.0	825.0
35.0	835.0
35.0	845.0
35.0	855.0
35.0	865.0
35.0	875.0
35.0	885.0
35.0	895.0
35.0	905.0
35.0	915.0
35.0	925.0
35.0	935.0
35.0	945.0
35.0	955.0
35.0	965.0
35.0	975.0
35.0	985.0
35.0	995.0
45.0	5.0
45.0	15.0
45.0	25.0
45.0	35.0
45.0	45.0
45.0	55.0
45.0	65.0
45.0	75.0
45.0	85.0
45.0	95.0
45.0	105.0
45.0	115.0
45.0	125.0
45.0	135.0
45.0	145.0
45.0	155.0
45.0	165.0
45.0	175.0
45.0	185.0
45.0	195.0
45.0	205.0
45.0	215.0
45.0	225.0
45.0	235.0
45.0	245.0
45.0	255.0
45.0	265.0
45.0	275.0
45.0	285.0
45.0	295.0
45.0	305.0
45.0	315.0
45.0	325.0
45.0	335.0
45.0	345.0
45.0	355.0
45.0	365.0
45.0	375.0
45.0	385.0
45.0	395.0
45.0	405.0
45.0	415.0
45.0	425.0
45.0	435.0
45.0	445.0
45.0	455.0
45.0	465.0
45.0	475.0
45.0	485.0
45.0	495.0
45.0	505.0
45.0	515.0
45.0	525.0
45.0	535.0
45.0	545.0
45.0	555.0
45.0	565.0
45.0	575.0
45.0	585.0
45.0	595.0
45.0	605.0
45.0	615.0
45.0	625.0
45.0	635.0
45.0	645.0
45.0	655.0
45.0	665.0
45.0	675.0
45.0	685.0
45.0	695.0
45.0	705.0
45.0	715.0
45.0	725.0
45.0	735.0
45.0	745.0
45.0	755.0
45.0	765.0
45.0	775.0
45.0	785.0
45.0	795.0
45.0	805.0
45.0	815.0
45.0	825.0
45.0	835.0
45.0	845.0
45.0	855.0
45.0	865.0
45.0	875.0
45.0	885.0
45.0	895.0
45.0	905.0
45.0	915.0
45.0	925.0
45.0	935.0
45.0	945.0
45.0	955.0
45.0	965.0
45.0	975.0
45.0	985.0
45.0	995.0
55.0	5.0
55.0	15.0
55.0	25.0
55.0	35.0
55.0	45.0
55.0	55.0
55.0	65.0
55.0	75.0
55.0	85.0
55.0	95.0
55.0	105.0
55.0	115.0
55.0	125.0
55.0	135.0
55.0	145.0
55.0	155.0
55.0	165.0
55.0	175.0
55.0	185.0
55.0	195.0
55.0	205.0
55.0	215.0
55.0	225.0
55.0	235.0
55.0	245.0
55.0	255.0
55.0	265.0
55.0	275.0
55.0	285.0
55.0	295.0
55.0	305.0
55.0	315.0
55.0	325.0
55.0	335.0
55.0	345.0
55.0	355.0
55.0	365.0
55.0	375.0
55.0	385.0
55.0	395.0
55.0	405.0
55.0	415.0
55.0	425.0
55.0	435.0
55.0	445.0
55.0	455.0
55.0	465.0
55.0	475.0
55.0	485.0
55.0	495.0
55.0	505.0
55.0	515.0
55.0	525.0
55.0	535.0
55.0	545.0
55.0	555.0
55.0	565.0
55.0	575.0
55.0	585.0
55.0	595.0
55.0	605.0
55.0	615.0
55.0	625.0
55.0	635.0
55.0	645.0
55.0	655.0
55.0	665.0
55.0	675.0
55.0	685.0
55.0	695.0
55.0	705.0
55.0	715.0
55.0	725.0
55.0	735.0
55.0	745.0
55.0	755.0
55.0	765.0
55.0	775.0
55.0	785.0
55.0	795.0
55.0	805.0
55.0	815.0
55.0	825.0
55.0	835.0
55.0	845.0
55.0	855.0
55.0	865.0
55.0	875.0
55.0	885.0
55.0	895.0
55.0	905.0
55.0	915.0
55.0	925.0
55.0	935.0
55.0	945.0
55.0	955.0
55.0	965.0
55.0	975.0
55.0	985.0
55.0	995.0
65.0	5.0
65.0	15.0
65.0	25.0
65.0	35.0
65.0	45.0
65.0	55.0
65.0	65.0
65.0	75.0
65.0	85.0
65.0	95.0
65.0	105.0
65.0	115.0
65.0	125.0
65.0	135.0
65.0	145.0
65.0	155.0
65.0	165.0
65.0	175.0
65.0	185.0
65.0	195.0
65.0	205.0
65.0	215.0
65.0	225.0
65.0	235.0
65.0	245.0
65.0	255.0
65.0	265.0
65.0	275.0
65.0	285.0
65.0	295.0
65.0	305.0
65.0	315.0
65.0	325.0
65.0	335.0
65.0	345.0
65.0	355.0
65.0	365.0
65.0	375.0
65.0	385.0
65.0	395.0
65.0	405.0
65.0	415.0
65.0	425.0
65.0	435.0
65.0	445.0
65.0	455.0
65.0	465.0
65.0	475.0
65.0	485.0
65.0	495.0
65.0	505.0
65.0	515.0
65.0	525.0
65.0	535.0
65.0	545.0
65.0	555.0
65.0	565.0
65.0	575.0
65.0	585.0
65.0	595.0
65.0	605.0
65.0	615.0
65.0	625.0
65.0	635.0
65.0	645.0
65.0	655.0
65.0	665.0
65.0	675.0
65.0	685.0
65.0	695.0
65.0	705.0
65.0	715.0
65.0	725.0
65.0	735.0
65.0	745.0
65.0	755.0
65.0	765.0
65.0	775.0
65.0	785.0
65.0	795.0
65.0	805.0
65.0	815.0
65.0	825.0
65.0	835.0
65.0	845.0
65.0	855.0
65.0	865.0
65.0	875.0
65.0	885.0
65.0	895.0
65.0	905.0
65.0	915.0
65.0	925.0
65.0	935.0
65.0	945.0
65.0	955.0
65.0	965.0
65.0	975.0
65.0	985.0
65.0	995.0
75.0	5.0
75.0	15.0
75.0	25.0
75.0	35.0
75.0	45.0
75.0	55.0
75.0	65.0
75.0	75.0
75.0	85.0
75.0	95.0
75.0	105.0
75.0	115.0
75.0	125.0
75.0	135.0
75.0	145.0
75.0	155.0
75.0	165.0
75.0	175.0
75.0	185.0
75.0	195.0
75.0	205.0
75.0	215.0
75.0	225.0
75.0	235.0
75.0	245.0
75.0	255.0
75.0	265.0
75.0	275.0
75.0	285.0
75.0	295.0
75.0	305.0
75.0	315.0
75.0	325.0
75.0	335.0
75.0	345.0
75.0	355.0
75.0	365.0
75.0	375.0
75.0	385.0
75.0	395.0
75.0	405.0
75.0	415.0
75.0	425.0
75.0	435.0
75.0	445.0
75.0	455.0
75.0	465.0
75.0	475.0
75.0	485.0
75.0	495.0
75.0	505.0
75.0	515.0
75.0	525.0
75.0	535.0
75.0	545.0
75.0	555.0
75.0	565.0
75.0	575.0
75.0	585.0
75.0	595.0
75.0	605.0
75.0	615.0
75.0	625.0
75.0	635.0
75.0	645.0
75.0	655.0
75.0	665.0
75.0	675.0
75.0	685.0
75.0	695.0
75.0	705.0
75.0	715.0
75.0	725.0
75.0	735.0
75.0	745.0
75.0	755.0
75.0	765.0
75.0	775.0
75.0	785.0
75.0	795.0
75.0	805.0
75.0	815.0
75.0	825.0
75.0	835.0
75.0	845.0
75.0	855.0
75.0	865.0
75.0	875.0
75.0	885.0
75.0	895.0
75.0	905.0
75.0	915.0
75.0	925.0
75.0	935.0
75.0	945.0
75.0	955.0
75.0	965.0
75.0	975.0
75.0	985.0
75.0	995.0
85.0	5.0
85.0	15.0
85.0	25.0
85.0	35.0
85.0	45.0
85.0	55.0
85.0	65.0
85.0	75.0
85.0	85.0
85.0	95.0
85.0	105.0
85.0	115.0
85.0	125.0
85.0	135.0
85.0	145.0
85.0	155.0
85.0	165.0
85.0	175.0
85.0	185.0
85.0	195.0
85.0	205.0
85.0	215.0
85.0	225.0
85.0	235.0
85.0	245.0
85.0	255.0
85.0	265.0
85.0	275.0
85.0	285.0
85.0	295.0
85.0	305.0
85.0	315.0
85.0	325.0
85.0	335.0
85.0	345.0
85.0	355.0
85.0	365.0
85.0	375.0
85.0	385.0
85.0	395.0
85.0	405.0
85.0	415.0
85.0	425.0
85.0	435.0
85.0	445.0
85.0	455.0
85.0	465.0
85.0	475.0
85.0	485.0
85.0	495.0
85.0	505.0
85.0	515.0
85.0	525.0
85.0	535.0
85.0	545.0
85.0	555.0
85.0	565.0
85.0	575.0
85.0	585.0
85.0	595.0
85.0	605.0
85.0	615.0
85.0	625.0
85.0	635.0
85.0	645.0
85.0	655.0
85.0	665.0
85.0	675.0
85.0	685.0
85.0	695.0
85.0	705.0
85.0	715.0
85.0	725.0
85.0	735.0
85.0	745.0
85.0	755.0
85.0	765.0
85.0	775.0
85.0	785.0
85.0	795.0
85.0	805.0
85.0	815.0
85.0	825.0
85.0	835.0
85.0	845.0
85.0	855.0
85.0	865.0
85.0	875.0
85.0	885.0
85.0	895.0
85.0	905.0
85.0	915.0
85.0	925.0
85.0	935.0
85.0	945.0
85.0	955.0
85.0	965.0
85.0	975.0
85.0	985.0
85.0	995.0
95.0	5.0
95.0	15.0
95.0	25.0
95.0	35.0
95.0	45.0
95.0	55.0
95.0	65.0
95.0	75.0
95.0	85.0
95.0	95.0
95.0	105.0
95.0	115.0
95.0	125.0
95.0	135.0
95.0	145.0
95.0	155.0
95.0	165.0
95.0	175.0
95.0	185.0
95.0	195.0
95.0	205.0
95.0	215.0
95.0	225.0
95.0	235.0
95.0	245.0
95.0	255.0
95.0	265.0
95.0	275.0
95.0	285.0
95.0	295.0
95.0	305.0
95.0	315.0
95.0	325.0
95.0	335.0
95.0	345.0
95.0	355.0
95.0	365.0
95.0	375.0
95.0	385.0
95.0	395.0
95.0	405.0
95.0	415.0
95.0	425.0
95.0	435.0
95.0	445.0
95.0	455.0
95.0	465.0
95.0	475.0
95.0	485.0
95.0	495.0
95.0	505.0
95.0	515.0
95.0	525.0
95.0	535.0
95.0	545.0
95.0	555.0
95.0	565.0
95.0	575.0
95.0	585.0
95.0	595.0
95.0	605.0
95.0	615.0
95.0	625.0
95.0	635.0
95.0	645.0
95.0	655.0
95.0	665.0
95.0	675.0
95.0	685.0
95.0	695.0
95.0	705.0
95.0	715.0
95.0	725.0
95.0	735.0
95.0	745.0
95.0	755.0
95.0	765.0
95.0	775.0
95.0	785.0
95.0	795.0
95.0	805.0
95.0	815.0
95.0	825.0
95.0	835.0
95.0	845.0
95.0	855.0
95.0	865.0
95.0	875.0
95.0	885.0
95.0	895.0
95.0	905.0
95.0	915.0
95.0	925.0
95.0	935.0
95.0	945.0
95.0	955.0
95.0	965.0
95.0	975.0
95.0	985.0
95.0	995.0
105.0	5.0
105.0	15.0
105.0	25.0
105.0	35.0
105.0	45.0
105.0	55.0
105.0	65.0
105.0	75.0
105.0	85.0
105.0	95.0
105.0	105.0
105.0	115.0
105.0	125.0
105.0	135.0
105.0	145.0
105.0	155.0
105.0	165.0
105.0	175.0
105.0	185.0
105.0	195.0
105.0	205.0
105.0	215.0
105.0	225.0
105.0	235.0
105.0	245.0
105.0	255.0
105.0	265.0
105.0	275.0
105.0	285.0
105.0	295.0
105.0	325.0
105.0	335.0
105.0	345.0
105.0	355.0
105.0	365.0
105.0	375.0
105.0	385.0
105.0	395.0
105.0	405.0
105.0	415.0
105.0	425.0
105.0	435.0
105.0	445.0
105.0	455.0
105.0	465.0
105.0	475.0
105.0	485.0
105.0	495.0
105.0	505.0
105.0	515.0
105.0	525.0
105.0	535.0
105.0	545.0
105.0	555.0
105.0	565.0
105.0	575.0
105.0	585.0
105.0	595.0
105.0	605.0
105.0	615.0
105.0	625.0
105.0	635.0
105.0	645.0
105.0	655.0
105.0	665.0
105.0	695.0
105.0	705.0
105.0	715.0
105.0	725.0
105.0	735.0
105.0	745.0
105.0	755.0
105.0	765.0
105.0	775.0
105.0	785.0
105.0	795.0
105.0	805.0
105.0	815.0
105.0	825.0
105.0	835.0
105.0	845.0
105.0	855.0
105.0	865.0
105.0	875.0
105.0	885.0
105.0	895.0
105.0	905.0
105.0	915.0
105.0	925.0
105.0	935.0
105.0	945.0
105.0	955.0
105.0	965.0
105.0	975.0
105.0	985.0
105.0	995.0
115.0	5.0
115.0	15.0
115.0	25.0
115.0	35.0
115.0	45.0
115.0	55.0
115.0	65.0
115.0	75.0
115.0	85.0
115.0	95.0
115.0	105.0
115.0	115.0
115.0	125.0
115.0	135.0
115.0	145.0
115.0	155.0
115.0	165.0
115.0	175.0
115.0	185.0
115.0	195.0
115.0	205.0
115.0	215.0
115.0	225.0
115.0	235.0
115.0	245.0
115.0	255.0
115.0	265.0
115.0	275.0
115.0	285.0
115.0	295.0
115.0	325.0
115.0	335.0
115.0	345.0
115.0	355.0
115.0	365.0
115.0	375.0
115.0	385.0
115.0	395.0
115.0	405.0
115.0	415.0
115.0	425.0
115.0	435.0
115.0	445.0
115.0	455.0
115.0	465.0
115.0	475.0
115.0	485.0
115.0	495.0
115.0	505.0
115.0	515.0
115.0	525.0
115.0	535.0
115.0	545.0
115.0	555.0
115.0	565.0
115.0	575.0
115.0	585.0
115.0	595.0
115.0	605.0
115.0	615.0
115.0	625.0
115.0	635.0
115.0	645.0
115.0	655.0
115.0	665.0
115.0	695.0
115.0	705.0
115.0	715.0
115.0	725.0
115.0	735.0
115.0	745.0
115.0	755.0
115.0	765.0
115.0	775.0
115.0	785.0
115.0	795.0
115.0	805.0
115.0	815.0
115.0	825.0
115.0	835.0
115.0	845.0
115.0	855.0
115.0	865.0
115.0	875.0
115.0	885.0
115.0	895.0
115.0	905.0
115.0	915.0
115.0	925.0
115.0	935.0
115.0	945.0
115.0	955.0
115.0	965.0
115.0	975.0
115.0	985.0
115.0	995.0
125.0	5.0
125.0	15.0
125.0	25.0
125.0	35.0
125.0	45.0
125.0	55.0
125.0	65.0
125.0	75.0
125.0	85.0
125.0	95.0
125.0	105.0
125.0	115.0
125.0	125.0
125.0	135.0
125.0	145.0
125.0	155.0
125.0	165.0
125.0	175.0
125.0	185.0
125.0	195.0
125.0	205.0
125.0	215.0
125.0	225.0
125.0	235.0
125.0	245.0
125.0	255.0
125.0	265.0
125.0	275.0
125.0	285.0
125.0	295.0
125.0	325.0
125.0	335.0
125.0	345.0
125.0	355.0
125.0	365.0
125.0	375.0
125.0	385.0
125.0	395.0
125.0	405.0
125.0	415.0
125.0	425.0
125.0	435.0
125.0	445.0
125.0	455.0
125.0	465.0
125.0	475.0
125.0	485.0
125.0	495.0
125.0	505.0
125.0	515.0
125.0	525.0
125.0	535.0
125.0	545.0
125.0	555.0
125.0	565.0
125.0	575.0
125.0	585.0
125.0	595.0
125.0	605.0
125.0	615.0
125.0	625.0
125.0	635.0
125.0	645.0
125.0	655.0
125.0	665.0
125.0	695.0
125.0	705.0
125.0	715.0
125.0	725.0
125.0	735.0
125.0	745.0
125.0	755.0
125.0	765.0
125.0	775.0
125.0	785.0
125.0	795.0
125.0	805.0
125.0	815.0
125.0	825.0
125.0	835.0
125.0	845.0
125.0	855.0
125.0	865.0
125.0	875.0
125.0	885.0
125.0	895.0
125.0	905.0
125.0	915.0
125.0	925.0
125.0	935.0
125.0	945.0
125.0	955.0
125.0	965.0
125.0	975.0
125.0	985.0
125.0	995.0
135.0	5.0
135.0	15.0
135.0	25.0
135.0	35.0
135.0	45.0
135.0	55.0
135.0	65.0
135.0	75.0
135.0	85.0
135.0	95.0
135.0	105.0
135.0	115.0
135.0	125.0
135.0	135.0
135.0	145.0
135.0	155.0
135.0	325.0
135.0	335.0
135.0	345.0
135.0	355.0
135.0	365.0
135.0	375.0
135.0	385.0
135.0	395.0
135.0	405.0
135.0	415.0
135.0	425.0
135.0	435.0
135.0	445.0
135.0	455.0
135.0	465.0
135.0	475.0
135.0	485.0
135.0	495.0
135.0	505.0
135.0	515.0
135.0	525.0
135.0	535.0
135.0	545.0
135.0	555.0
135.0	565.0
135.0	575.0
135.0	585.0
135.0	595.0
135.0	605.0
135.0	615.0
135.0	625.0
135.0	635.0
135.0	645.0
135.0	655.0
135.0	665.0
135.0	695.0
135.0	835.0
135.0	845.0
135.0	855.0
135.0	865.0
135.0	875.0
135.0	885.0
135.0	895.0
135.0	905.0
135.0	915.0
135.0	925.0
135.0	935.0
135.0	945.0
135.0	955.0
135.0	965.0
135.0	975.0
135.0	985.0
135.0	995.0
145.0	5.0
145.0	15.0
145.0	25.0
145.0	35.0
145.0	45.0
145.0	55.0
145.0	65.0
145.0	75.0
145.0	85.0
145.0	95.0
145.0	105.0
145.0	115.0
145.0	125.0
145.0	135.0
145.0	145.0
145.0	155.0
145.0	255.0
145.0	325.0
145.0	335.0
145.0	345.0
145.0	355.0
145.0	365.0
145.0	375.0
145.0	385.0
145.0	395.0
145.0	405.0
145.0	415.0
145.0	425.0
145.0	435.0
145.0	445.0
145.0	455.0
145.0	465.0
145.0	475.0
145.0	485.0
145.0	495.0
145.0	505.0
145.0	515.0
145.0	535.0
145.0	545.0
145.0	555.0
145.0	565.0
145.0	575.0
145.0	585.0
145.0	615.0
145.0	625.0
145.0	635.0
145.0	645.0
145.0	655.0
145.0	665.0
145.0	695.0
145.0	745.0
145.0	845.0
145.0	855.0
145.0	865.0
145.0	875.0
145.0	885.0
145.0	895.0
145.0	905.0
145.0	915.0
145.0	925.0
145.0	935.0
145.0	945.0
145.0	955.0
145.0	965.0
145.0	975.0
145.0	985.0
145.0	995.0
155.0	5.0
155.0	15.0
155.0	25.0
155.0	35.0
155.0	45.0
155.0	55.0
155.0	65.0
155.0	75.0
155.0	85.0
155.0	95.0
155.0	105.0
155.0	115.0
155.0	125.0
155.0	135.0
155.0	255.0
155.0	265.0
155.0	415.0
155.0	425.0
155.0	735.0
155.0	745.0
155.0	785.0
155.0	865.0
155.0	875.0
155.0	885.0
155.0	895.0
155.0	905.0
155.0	915.0
155.0	925.0
155.0	935.0
155.0	945.0
155.0	955.0
155.0	965.0
155.0	975.0
155.0	985.0
155.0	995.0
165.0	5.0
165.0	15.0
165.0	25.0
165.0	35.0
165.0	45.0
165.0	55.0
165.0	65.0
165.0	75.0
165.0	85.0
165.0	95.0
165.0	105.0
165.0	115.0
165.0	125.0
165.0	135.0
165.0	255.0
165.0	265.0
165.0	545.0
165.0	735.0
165.0	745.0
165.0	755.0
165.0	785.0
165.0	865.0
165.0	875.0
165.0	885.0
165.0	895.0
165.0	905.0
165.0	915.0
165.0	925.0
165.0	935.0
165.0	945.0
165.0	955.0
165.0	965.0
165.0	975.0
165.0	985.0
165.0	995.0
175.0	5.0
175.0	15.0
175.0	25.0
175.0	35.0
175.0	45.0
175.0	55.0
175.0	65.0
175.0	75.0
175.0	85.0
175.0	95.0
175.0	105.0
175.0	115.0
175.0	125.0
175.0	135.0
175.0	165.0
175.0	175.0
175.0	185.0
175.0	195.0
175.0	205.0
175.0	215.0
175.0	225.0
175.0	255.0
175.0	265.0
175.0	275.0
175.0	285.0
175.0	295.0
175.0	305.0
175.0	315.0
175.0	325.0
175.0	335.0
175.0	345.0
175.0	355.0
175.0	365.0
175.0	375.0
175.0	385.0
175.0	415.0
175.0	425.0
175.0	435.0
175.0	445.0
175.0	455.0
175.0	465.0
175.0	475.0
175.0	485.0
175.0	495.0
175.0	505.0
175.0	515.0
175.0	525.0
175.0	535.0
175.0	545.0
175.0	555.0
175.0	565.0
175.0	625.0
175.0	635.0
175.0	645.0
175.0	655.0
175.0	665.0
175.0	675.0
175.0	685.0
175.0	695.0
175.0	705.0
175.0	715.0
175.0	725.0
175.0	735.0
175.0	745.0
175.0	755.0
175.0	765.0
175.0	775.0
175.0	785.0
175.0	795.0
175.0	805.0
175.0	815.0
175.0	825.0
175.0	835.0
175.0	865.0
175.0	875.0
175.0	885.0
175.0	895.0
175.0	905.0
175.0	915.0
175.0	925.0
175.0	935.0
175.0	945.0
175.0	955.0
175.0	965.0
175.0	975.0
175.0	985.0
175.0	995.0
185.0	5.0
185.0	15.0
185.0	25.0
185.0	35.0
185.0	45.0
185.0	55.0
185.0	65.0
185.0	75.0
185.0	85.0
185.0	95.0
185.0	105.0
185.0	255.0
185.0	265.0
185.0	315.0
185.0	365.0
185.0	375.0
185.0	385.0
185.0	415.0
185.0	425.0
185.0	435.0
185.0	445.0
185.0	455.0
185.0	465.0
185.0	475.0
185.0	485.0
185.0	495.0
185.0	505.0
185.0	515.0
185.0	525.0
185.0	535.0
185.0	545.0
185.0	555.0
185.0	565.0
185.0	575.0
185.0	585.0
185.0	595.0
185.0	625.0
185.0	635.0
185.0	735.0
185.0	745.0
185.0	895.0
185.0	905.0
185.0	915.0
185.0	925.0
185.0	935.0
185.0	945.0
185.0	955.0
185.0	965.0
185.0	975.0
185.0	985.0
185.0	995.0
195.0	5.0
195.0	15.0
195.0	25.0
195.0	35.0
195.0	45.0
195.0	55.0
195.0	65.0
195.0	75.0
195.0	85.0
195.0	95.0
195.0	105.0
195.0	255.0
195.0	415.0
195.0	425.0
195.0	575.0
195.0	585.0
195.0	625.0
195.0	635.0
195.0	745.0
195.0	895.0
195.0	905.0
195.0	915.0
195.0	925.0
195.0	935.0
195.0	945.0
195.0	955.0
195.0	965.0
195.0	975.0
195.0	985.0
195.0	995.0
205.0	5.0
205.0	15.0
205.0	25.0
205.0	35.0
205.0	45.0
205.0	55.0
205.0	65.0
205.0	75.0
205.0	85.0
205.0	95.0
205.0	105.0
205.0	135.0
205.0	145.0
205.0	155.0
205.0	165.0
205.0	175.0
205.0	185.0
205.0	195.0
205.0	205.0
205.0	215.0
205.0	225.0
205.0	255.0
205.0	285.0
205.0	295.0
205.0	325.0
205.0	335.0
205.0	415.0
205.0	425.0
205.0	575.0
205.0	585.0
205.0	615.0
205.0	625.0
205.0	665.0
205.0	675.0
205.0	735.0
205.0	745.0
205.0	765.0
205.0	775.0
205.0	785.0
205.0	795.0
205.0	805.0
205.0	815.0
205.0	825.0
205.0	835.0
205.0	845.0
205.0	855.0
205.0	865.0
205.0	895.0
205.0	905.0
205.0	915.0
205.0	925.0
205.0	935.0
205.0	945.0
205.0	955.0
205.0	965.0
205.0	975.0
205.0	985.0
205.0	995.0
215.0	5.0
215.0	15.0
215.0	25.0
215.0	35.0
215.0	45.0
215.0	55.0
215.0	65.0
215.0	75.0
215.0	85.0
215.0	95.0
215.0	105.0
215.0	255.0
215.0	265.0
215.0	275.0
215.0	285.0
215.0	295.0
215.0	415.0
215.0	425.0
215.0	435.0
215.0	445.0
215.0	455.0
215.0	465.0
215.0	475.0
215.0	485.0
215.0	495.0
215.0	505.0
215.0	515.0
215.0	525.0
215.0	535.0
215.0	545.0
215.0	555.0
215.0	565.0
215.0	575.0
215.0	585.0
215.0	615.0
215.0	665.0
215.0	675.0
215.0	705.0
215.0	715.0
215.0	725.0
215.0	735.0
215.0	745.0
215.0	895.0
215.0	905.0
215.0	915.0
215.0	925.0
215.0	935.0
215.0	945.0
215.0	955.0
215.0	965.0
215.0	975.0
215.0	985.0
215.0	995.0
225.0	5.0
225.0	15.0
225.0	25.0
225.0	35.0
225.0	45.0
225.0	55.0
225.0	65.0
225.0	75.0
225.0	85.0
225.0	95.0
225.0	105.0
225.0	145.0
225.0	255.0
225.0	285.0
225.0	295.0
225.0	305.0
225.0	375.0
225.0	385.0
225.0	415.0
225.0	425.0
225.0	435.0
225.0	445.0
225.0	455.0
225.0	465.0
225.0	475.0
225.0	485.0
225.0	495.0
225.0	505.0
225.0	515.0
225.0	525.0
225.0	535.0
225.0	545.0
225.0	555.0
225.0	565.0
225.0	575.0
225.0	585.0
225.0	615.0
225.0	675.0
225.0	695.0
225.0	705.0
225.0	715.0
225.0	745.0
225.0	855.0
225.0	895.0
225.0	905.0
225.0	915.0
225.0	925.0
225.0	935.0
225.0	945.0
225.0	955.0
225.0	965.0
225.0	975.0
225.0	985.0
225.0	995.0
235.0	5.0
235.0	15.0
235.0	25.0
235.0	35.0
235.0	45.0
235.0	55.0
235.0	65.0
235.0	75.0
235.0	85.0
235.0	95.0
235.0	105.0
235.0	125.0
235.0	135.0
235.0	145.0
235.0	155.0
235.0	165.0
235.0	175.0
235.0	185.0
235.0	195.0
235.0	205.0
235.0	215.0
235.0	225.0
235.0	235.0
235.0	245.0
235.0	255.0
235.0	285.0
235.0	295.0
235.0	305.0
235.0	315.0
235.0	325.0
235.0	335.0
235.0	345.0
235.0	355.0
235.0	365.0
235.0	375.0
235.0	385.0
235.0	405.0
235.0	415.0
235.0	425.0
235.0	435.0
235.0	445.0
235.0	455.0
235.0	465.0
235.0	475.0
235.0	485.0
235.0	495.0
235.0	505.0
235.0	515.0
235.0	525.0
235.0	535.0
235.0	545.0
235.0	555.0
235.0	565.0
235.0	575.0
235.0	585.0
235.0	615.0
235.0	665.0
235.0	675.0
235.0	685.0
235.0	695.0
235.0	705.0
235.0	715.0
235.0	745.0
235.0	755.0
235.0	765.0
235.0	775.0
235.0	785.0
235.0	795.0
235.0	805.0
235.0	815.0
235.0	825.0
235.0	835.0
235.0	845.0
235.0	855.0
235.0	865.0
235.0	875.0
235.0	895.0
235.0	905.0
235.0	915.0
235.0	925.0
235.0	935.0
235.0	945.0
235.0	955.0
235.0	965.0
235.0	975.0
235.0	985.0
235.0	995.0
245.0	5.0
245.0	15.0
245.0	25.0
245.0	35.0
245.0	45.0
245.0	55.0
245.0	65.0
245.0	75.0
245.0	85.0
245.0	95.0
245.0	105.0
245.0	125.0
245.0	135.0
245.0	145.0
245.0	155.0
245.0	165.0
245.0	175.0
245.0	185.0
245.0	195.0
245.0	205.0
245.0	215.0
245.0	225.0
245.0	235.0
245.0	245.0
245.0	255.0
245.0	375.0
245.0	385.0
245.0	405.0
245.0	415.0
245.0	425.0
245.0	435.0
245.0	445.0
245.0	455.0
245.0	465.0
245.0	475.0
245.0	485.0
245.0	495.0
245.0	505.0
245.0	515.0
245.0	525.0
245.0	535.0
245.0	545.0
245.0	555.0
245.0	565.0
245.0	575.0
245.0	585.0
245.0	615.0
245.0	745.0
245.0	755.0
245.0	765.0
245.0	775.0
245.0	785.0
245.0	795.0
245.0	805.0
245.0	815.0
245.0	825.0
245.0	835.0
245.0	845.0
245.0	855.0
245.0	865.0
245.0	875.0
245.0	895.0
245.0	905.0
245.0	915.0
245.0	925.0
245.0	935.0
245.0	945.0
245.0	955.0
245.0	965.0
245.0	975.0
245.0	985.0
245.0	995.0
255.0	5.0
255.0	15.0
255.0	25.0
255.0	35.0
255.0	45.0
255.0	55.0
255.0	65.0
255.0	75.0
255.0	85.0
255.0	95.0
255.0	105.0
255.0	125.0
255.0	135.0
255.0	145.0
255.0	155.0
255.0	165.0
255.0	175.0
255.0	185.0
255.0	195.0
255.0	205.0
255.0	215.0
255.0	225.0
255.0	235.0
255.0	245.0
255.0	255.0
255.0	265.0
255.0	375.0
255.0	385.0
255.0	405.0
255.0	415.0
255.0	425.0
255.0	435.0
255.0	445.0
255.0	455.0
255.0	465.0
255.0	475.0
255.0	485.0
255.0	495.0
255.0	505.0
255.0	515.0
255.0	525.0
255.0	535.0
255.0	545.0
255.0	555.0
255.0	565.0
255.0	575.0
255.0	585.0
255.0	615.0
255.0	735.0
255.0	745.0
255.0	755.0
255.0	765.0
255.0	775.0
255.0	785.0
255.0	795.0
255.0	805.0
255.0	815.0
255.0	825.0
255.0	835.0
255.0	845.0
255.0	855.0
255.0	865.0
255.0	875.0
255.0	895.0
255.0	905.0
255.0	915.0
255.0	925.0
255.0	935.0
255.0	945.0
255.0	955.0
255.0	965.0
255.0	975.0
255.0	985.0
255.0	995.0
265.0	5.0
265.0	15.0
265.0	25.0
265.0	35.0
265.0	45.0
265.0	55.0
265.0	65.0
265.0	75.0
265.0	85.0
265.0	95.0
265.0	105.0
265.0	135.0
265.0	145.0
265.0	155.0
265.0	175.0
265.0	185.0
265.0	195.0
265.0	205.0
265.0	215.0
265.0	225.0
265.0	255.0
265.0	285.0
265.0	295.0
265.0	305.0
265.0	315.0
265.0	325.0
265.0	335.0
265.0	375.0
265.0	385.0
265.0	415.0
265.0	425.0
265.0	435.0
265.0	445.0
265.0	455.0
265.0	465.0
265.0	475.0
265.0	485.0
265.0	495.0
265.0	505.0
265.0	515.0
265.0	525.0
265.0	535.0
265.0	545.0
265.0	555.0
265.0	565.0
265.0	575.0
265.0	585.0
265.0	615.0
265.0	625.0
265.0	745.0
265.0	765.0
265.0	775.0
265.0	785.0
265.0	795.0
265.0	805.0
265.0	815.0
265.0	825.0
265.0	845.0
265.0	855.0
265.0	865.0
265.0	895.0
265.0	905.0
265.0	915.0
265.0	925.0
265.0	935.0
265.0	945.0
265.0	955.0
265.0	965.0
265.0	975.0
265.0	985.0
265.0	995.0
275.0	5.0
275.0	15.0
275.0	25.0
275.0	35.0
275.0	45.0
275.0	55.0
275.0	65.0
275.0	75.0
275.0	85.0
275.0	95.0
275.0	105.0
275.0	135.0
275.0	145.0
275.0	175.0
275.0	185.0
275.0	195.0
275.0	205.0
275.0	215.0
275.0	225.0
275.0	285.0
275.0	295.0
275.0	305.0
275.0	315.0
275.0	325.0
275.0	335.0
275.0	375.0
275.0	415.0
275.0	425.0
275.0	435.0
275.0	445.0
275.0	455.0
275.0	465.0
275.0	475.0
275.0	485.0
275.0	495.0
275.0	505.0
275.0	515.0
275.0	525.0
275.0	535.0
275.0	545.0
275.0	555.0
275.0	565.0
275.0	575.0
275.0	585.0
275.0	615.0
275.0	775.0
275.0	785.0
275.0	795.0
275.0	805.0
275.0	815.0
275.0	855.0
275.0	865.0
275.0	895.0
275.0	905.0
275.0	915.0
275.0	925.0
275.0	935.0
275.0	945.0
275.0	955.0
275.0	965.0
275.0	975.0
275.0	985.0
275.0	995.0
285.0	5.0
285.0	15.0
285.0	25.0
285.0	35.0
285.0	45.0
285.0	55.0
285.0	65.0
285.0	75.0
285.0	85.0
285.0	95.0
285.0	105.0
285.0	125.0
285.0	135.0
285.0	145.0
285.0	155.0
285.0	175.0
285.0	185.0
285.0	195.0
285.0	205.0
285.0	215.0
285.0	225.0
285.0	235.0
285.0	255.0
285.0	285.0
285.0	295.0
285.0	305.0
285.0	315.0
285.0	325.0
285.0	335.0
285.0	375.0
285.0	385.0
285.0	415.0
285.0	425.0
285.0	435.0
285.0	445.0
285.0	455.0
285.0	465.0
285.0	475.0
285.0	485.0
285.0	495.0
285.0	505.0
285.0	515.0
285.0	525.0
285.0	535.0
285.0	545.0
285.0	555.0
285.0	565.0
285.0	575.0
285.0	585.0
285.0	615.0
285.0	625.0
285.0	665.0
285.0	675.0
285.0	685.0
285.0	695.0
285.0	705.0
285.0	715.0
285.0	745.0
285.0	765.0
285.0	775.0
285.0	785.0
285.0	795.0
285.0	805.0
285.0	815.0
285.0	825.0
285.0	845.0
285.0	855.0
285.0	865.0
285.0	895.0
285.0	905.0
285.0	915.0
285.0	925.0
285.0	935.0
285.0	945.0
285.0	955.0
285.0	965.0
285.0	975.0
285.0	985.0
285.0	995.0
295.0	5.0
295.0	15.0
295.0	25.0
295.0	35.0
295.0	45.0
295.0	55.0
295.0	65.0
295.0	75.0
295.0	85.0
295.0	95.0
295.0	105.0
295.0	125.0
295.0	135.0
295.0	145.0
295.0	155.0
295.0	165.0
295.0	175.0
295.0	185.0
295.0	195.0
295.0	205.0
295.0	215.0
295.0	225.0
295.0	235.0
295.0	245.0
295.0	255.0
295.0	265.0
295.0	275.0
295.0	285.0
295.0	295.0
295.0	305.0
295.0	315.0
295.0	325.0
295.0	335.0
295.0	345.0
295.0	355.0
295.0	375.0
295.0	385.0
295.0	405.0
295.0	415.0
295.0	425.0
295.0	435.0
295.0	445.0
295.0	455.0
295.0	465.0
295.0	475.0
295.0	485.0
295.0	495.0
295.0	505.0
295.0	515.0
295.0	525.0
295.0	535.0
295.0	545.0
295.0	555.0
295.0	565.0
295.0	575.0
295.0	585.0
295.0	615.0
295.0	625.0
295.0	635.0
295.0	655.0
295.0	665.0
295.0	675.0
295.0	685.0
295.0	695.0
295.0	705.0
295.0	715.0
295.0	725.0
295.0	735.0
295.0	745.0
295.0	755.0
295.0	765.0
295.0	775.0
295.0	785.0
295.0	795.0
295.0	805.0
295.0	815.0
295.0	825.0
295.0	835.0
295.0	845.0
295.0	855.0
295.0	865.0
295.0	875.0
295.0	895.0
295.0	905.0
295.0	915.0
295.0	925.0
295.0	935.0
295.0	945.0
295.0	955.0
295.0	965.0
295.0	975.0
295.0	985.0
295.0	995.0
305.0	5.0
305.0	15.0
305.0	25.0
305.0	35.0
305.0	45.0
305.0	55.0
305.0	65.0
305.0	75.0
305.0	85.0
305.0	95.0
305.0	105.0
305.0	125.0
305.0	135.0
305.0	145.0
305.0	155.0
305.0	165.0
305.0	175.0
305.0	185.0
305.0	195.0
305.0	205.0
305.0	215.0
305.0	225.0
305.0	235.0
305.0	245.0
305.0	255.0
305.0	265.0
305.0	275.0
305.0	285.0
305.0	295.0
305.0	305.0
305.0	315.0
305.0	325.0
305.0	335.0
305.0	345.0
305.0	355.0
305.0	375.0
305.0	385.0
305.0	405.0
305.0	415.0
305.0	425.0
305.0	435.0
305.0	445.0
305.0	455.0
305.0	465.0
305.0	475.0
305.0	485.0
305.0	495.0
305.0	505.0
305.0	515.0
305.0	525.0
305.0	535.0
305.0	545.0
305.0	555.0
305.0	565.0
305.0	575.0
305.0	585.0
305.0	615.0
305.0	625.0
305.0	635.0
305.0	655.0
305.0	665.0
305.0	675.0
305.0	685.0
305.0	695.0
305.0	705.0
305.0	715.0
305.0	725.0
305.0	735.0
305.0	745.0
305.0	755.0
305.0	765.0
305.0	775.0
305.0	785.0
305.0	795.0
305.0	805.0
305.0	815.0
305.0	825.0
305.0	835.0
305.0	845.0
305.0	855.0
305.0	865.0
305.0	875.0
305.0	895.0
305.0	905.0
305.0	915.0
305.0	925.0
305.0	935.0
305.0	945.0
305.0	955.0
305.0	965.0
305.0	975.0
305.0	985.0
305.0	995.0
315.0	5.0
315.0	15.0
315.0	25.0
315.0	35.0
315.0	45.0
315.0	55.0
315.0	65.0
315.0	75.0
315.0	85.0
315.0	95.0
315.0	105.0
315.0	125.0
315.0	135.0
315.0	145.0
315.0	155.0
315.0	165.0
315.0	175.0
315.0	185.0
315.0	195.0
315.0	205.0
315.0	215.0
315.0	225.0
315.0	235.0
315.0	245.0
315.0	255.0
315.0	265.0
315.0	275.0
315.0	285.0
315.0	295.0
315.0	305.0
315.0	315.0
315.0	325.0
315.0	335.0
315.0	345.0
315.0	375.0
315.0	385.0
315.0	405.0
315.0	415.0
315.0	425.0
315.0	435.0
315.0	445.0
315.0	455.0
315.0	465.0
315.0	475.0
315.0	485.0
315.0	495.0
315.0	505.0
315.0	515.0
315.0	525.0
315.0	535.0
315.0	545.0
315.0	555.0
315.0	565.0
315.0	575.0
315.0	585.0
315.0	615.0
315.0	625.0
315.0	635.0
315.0	655.0
315.0	665.0
315.0	675.0
315.0	685.0
315.0	695.0
315.0	705.0
315.0	715.0
315.0	725.0
315.0	735.0
315.0	745.0
315.0	755.0
315.0	765.0
315.0	775.0
315.0	785.0
315.0	795.0
315.0	805.0
315.0	815.0
315.0	825.0
315.0	835.0
315.0	845.0
315.0	855.0
315.0	865.0
315.0	875.0
315.0	895.0
315.0	905.0
315.0	915.0
315.0	925.0
315.0	935.0
315.0	945.0
315.0	955.0
315.0	965.0
315.0	975.0
315.0	985.0
315.0	995.0
325.0	5.0
325.0	15.0
325.0	25.0
325.0	35.0
325.0	45.0
325.0	55.0
325.0	65.0
325.0	75.0
325.0	85.0
325.0	95.0
325.0	105.0
325.0	135.0
325.0	145.0
325.0	175.0
325.0	185.0
325.0	195.0
325.0	205.0
325.0	215.0
325.0	225.0
325.0	255.0
325.0	285.0
325.0	295.0
325.0	305.0
325.0	315.0
325.0	325.0
325.0	335.0
325.0	375.0
325.0	385.0
325.0	415.0
325.0	425.0
325.0	435.0
325.0	445.0
325.0	455.0
325.0	465.0
325.0	475.0
325.0	485.0
325.0	495.0
325.0	505.0
325.0	515.0
325.0	525.0
325.0	535.0
325.0	545.0
325.0	555.0
325.0	565.0
325.0	575.0
325.0	585.0
325.0	615.0
325.0	625.0
325.0	635.0
325.0	665.0
325.0	675.0
325.0	685.0
325.0	695.0
325.0	705.0
325.0	715.0
325.0	765.0
325.0	775.0
325.0	785.0
325.0	795.0
325.0	805.0
325.0	815.0
325.0	845.0
325.0	855.0
325.0	865.0
325.0	895.0
325.0	905.0
325.0	915.0
325.0	925.0
325.0	935.0
325.0	945.0
325.0	955.0
325.0	965.0
325.0	975.0
325.0	985.0
325.0	995.0
335.0	5.0
335.0	15.0
335.0	25.0
335.0	35.0
335.0	45.0
335.0	55.0
335.0	65.0
335.0	75.0
335.0	85.0
335.0	95.0
335.0	105.0
335.0	135.0
335.0	145.0
335.0	175.0
335.0	185.0
335.0	195.0
335.0	205.0
335.0	215.0
335.0	225.0
335.0	255.0
335.0	285.0
335.0	295.0
335.0	305.0
335.0	315.0
335.0	325.0
335.0	335.0
335.0	375.0
335.0	385.0
335.0	415.0
335.0	425.0
335.0	435.0
335.0	445.0
335.0	455.0
335.0	465.0
335.0	475.0
335.0	485.0
335.0	495.0
335.0	505.0
335.0	515.0
335.0	525.0
335.0	535.0
335.0	545.0
335.0	555.0
335.0	565.0
335.0	575.0
335.0	585.0
335.0	615.0
335.0	625.0
335.0	635.0
335.0	665.0
335.0	675.0
335.0	685.0
335.0	695.0
335.0	705.0
335.0	715.0
335.0	765.0
335.0	775.0
335.0	785.0
335.0	795.0
335.0	805.0
335.0	815.0
335.0	845.0
335.0	855.0
335.0	865.0
335.0	895.0
335.0	905.0
335.0	915.0
335.0	925.0
335.0	935.0
335.0	945.0
335.0	955.0
335.0	965.0
335.0	975.0
335.0	985.0
335.0	995.0
345.0	5.0
345.0	15.0
345.0	25.0
345.0	35.0
345.0	45.0
345.0	55.0
345.0	65.0
345.0	75.0
345.0	85.0
345.0	95.0
345.0	105.0
345.0	125.0
345.0	135.0
345.0	145.0
345.0	155.0
345.0	165.0
345.0	175.0
345.0	185.0
345.0	195.0
345.0	205.0
345.0	215.0
345.0	225.0
345.0	235.0
345.0	245.0
345.0	255.0
345.0	265.0
345.0	275.0
345.0	285.0
345.0	295.0
345.0	305.0
345.0	315.0
345.0	325.0
345.0	335.0
345.0	345.0
345.0	355.0
345.0	375.0
345.0	385.0
345.0	405.0
345.0	415.0
345.0	425.0
345.0	435.0
345.0	445.0
345.0	455.0
345.0	465.0
345.0	475.0
345.0	485.0
345.0	495.0
345.0	505.0
345.0	515.0
345.0	525.0
345.0	535.0
345.0	545.0
345.0	555.0
345.0	565.0
345.0	575.0
345.0	585.0
345.0	615.0
345.0	625.0
345.0	635.0
345.0	655.0
345.0	665.0
345.0	675.0
345.0	685.0
345.0	695.0
345.0	705.0
345.0	715.0
345.0	725.0
345.0	735.0
345.0	745.0
345.0	755.0
345.0	765.0
345.0	775.0
345.0	785.0
345.0	795.0
345.0	805.0
345.0	815.0
345.0	825.0
345.0	835.0
345.0	845.0
345.0	855.0
345.0	865.0
345.0	875.0
345.0	895.0
345.0	905.0
345.0	915.0
345.0	925.0
345.0	935.0
345.0	945.0
345.0	955.0
345.0	965.0
345.0	975.0
345.0	985.0
345.0	995.0
355.0	5.0
355.0	15.0
355.0	25.0
355.0	35.0
355.0	45.0
355.0	55.0
355.0	65.0
355.0	75.0
355.0	85.0
355.0	95.0
355.0	105.0
355.0	125.0
355.0	135.0
355.0	145.0
355.0	155.0
355.0	165.0
355.0	175.0
355.0	185.0
355.0	195.0
355.0	205.0
355.0	215.0
355.0	225.0
355.0	235.0
355.0	245.0
355.0	255.0
355.0	265.0
355.0	275.0
355.0	285.0
355.0	295.0
355.0	305.0
355.0	315.0
355.0	325.0
355.0	335.0
355.0	345.0
355.0	355.0
355.0	375.0
355.0	385.0
355.0	405.0
355.0	415.0
355.0	425.0
355.0	435.0
355.0	445.0
355.0	455.0
355.0	465.0
355.0	475.0
355.0	485.0
355.0	495.0
355.0	505.0
355.0	515.0
355.0	525.0
355.0	535.0
355.0	545.0
355.0	555.0
355.0	565.0
355.0	575.0
355.0	585.0
355.0	615.0
355.0	625.0
355.0	635.0
355.0	655.0
355.0	665.0
355.0	675.0
355.0	685.0
355.0	695.0
355.0	705.0
355.0	715.0
355.0	725.0
355.0	735.0
355.0	745.0
355.0	755.0
355.0	765.0
355.0	775.0
355.0	785.0
355.0	795.0
355.0	805.0
355.0	815.0
355.0	825.0
355.0	835.0
355.0	845.0
355.0	855.0
355.0	865.0
355.0	875.0
355.0	895.0
355.0	905.0
355.0	915.0
355.0	925.0
355.0	935.0
355.0	945.0
355.0	955.0
355.0	965.0
355.0	975.0
355.0	985.0
355.0	995.0
365.0	5.0
365.0	15.0
365.0	25.0
365.0	35.0
365.0	45.0
365.0	55.0
365.0	65.0
365.0	75.0
365.0	85.0
365.0	95.0
365.0	105.0
365.0	125.0
365.0	135.0
365.0	145.0
365.0	155.0
365.0	165.0
365.0	175.0
365.0	185.0
365.0	195.0
365.0	205.0
365.0	215.0
365.0	225.0
365.0	235.0
365.0	245.0
365.0	255.0
365.0	265.0
365.0	275.0
365.0	285.0
365.0	295.0
365.0	305.0
365.0	315.0
365.0	325.0
365.0	335.0
365.0	345.0
365.0	355.0
365.0	375.0
365.0	385.0
365.0	405.0
365.0	415.0
365.0	425.0
365.0	435.0
365.0	445.0
365.0	455.0
365.0	465.0
365.0	475.0
365.0	485.0
365.0	495.0
365.0	505.0
365.0	515.0
365.0	525.0
365.0	535.0
365.0	545.0
365.0	555.0
365.0	565.0
365.0	575.0
365.0	585.0
365.0	615.0
365.0	625.0
365.0	635.0
365.0	665.0
365.0	675.0
365.0	685.0
365.0	695.0
365.0	705.0
365.0	715.0
365.0	725.0
365.0	735.0
365.0	745.0
365.0	755.0
365.0	765.0
365.0	775.0
365.0	785.0
365.0	795.0
365.0	805.0
365.0	815.0
365.0	825.0
365.0	835.0
365.0	845.0
365.0	855.0
365.0	865.0
365.0	875.0
365.0	895.0
365.0	905.0
365.0	915.0
365.0	925.0
365.0	935.0
365.0	945.0
365.0	955.0
365.0	965.0
365.0	975.0
365.0	985.0
365.0	995.0
375.0	5.0
375.0	15.0
375.0	25.0
375.0	35.0
375.0	45.0
375.0	55.0
375.0	65.0
375.0	75.0
375.0	85.0
375.0	95.0
375.0	105.0
375.0	125.0
375.0	135.0
375.0	145.0
375.0	155.0
375.0	175.0
375.0	185.0
375.0	195.0
375.0	205.0
375.0	215.0
375.0	225.0
375.0	255.0
375.0	285.0
375.0	295.0
375.0	305.0
375.0	315.0
375.0	325.0
375.0	335.0
375.0	375.0
375.0	385.0
375.0	415.0
375.0	425.0
375.0	435.0
375.0	445.0
375.0	455.0
375.0	465.0
375.0	475.0
375.0	485.0
375.0	495.0
375.0	505.0
375.0	515.0
375.0	525.0
375.0	535.0
375.0	545.0
375.0	555.0
375.0	565.0
375.0	575.0
375.0	585.0
375.0	615.0
375.0	625.0
375.0	635.0
375.0	665.0
375.0	675.0
375.0	685.0
375.0	695.0
375.0	705.0
375.0	715.0
375.0	745.0
375.0	765.0
375.0	775.0
375.0	785.0
375.0	795.0
375.0	805.0
375.0	815.0
375.0	825.0
375.0	845.0
375.0	855.0
375.0	865.0
375.0	895.0
375.0	905.0
375.0	915.0
375.0	925.0
375.0	935.0
375.0	945.0
375.0	955.0
375.0	965.0
375.0	975.0
375.0	985.0
375.0	995.0
385.0	5.0
385.0	15.0
385.0	25.0
385.0	35.0
385.0	45.0
385.0	55.0
385.0	65.0
385.0	75.0
385.0	85.0
385.0	95.0
385.0	105.0
385.0	135.0
385.0	145.0
385.0	175.0
385.0	185.0
385.0	195.0
385.0	205.0
385.0	215.0
385.0	225.0
385.0	375.0
385.0	385.0
385.0	415.0
385.0	425.0
385.0	435.0
385.0	445.0
385.0	455.0
385.0	465.0
385.0	475.0
385.0	485.0
385.0	495.0
385.0	505.0
385.0	515.0
385.0	525.0
385.0	535.0
385.0	545.0
385.0	555.0
385.0	565.0
385.0	575.0
385.0	585.0
385.0	615.0
385.0	625.0
385.0	635.0
385.0	775.0
385.0	785.0
385.0	795.0
385.0	805.0
385.0	815.0
385.0	845.0
385.0	855.0
385.0	865.0
385.0	895.0
385.0	905.0
385.0	915.0
385.0	925.0
385.0	935.0
385.0	945.0
385.0	955.0
385.0	965.0
385.0	975.0
385.0	985.0
385.0	995.0
395.0	5.0
395.0	15.0
395.0	25.0
395.0	35.0
395.0	45.0
395.0	55.0
395.0	65.0
395.0	75.0
395.0	85.0
395.0	95.0
395.0	105.0
395.0	125.0
395.0	135.0
395.0	145.0
395.0	155.0
395.0	175.0
395.0	185.0
395.0	195.0
395.0	205.0
395.0	215.0
395.0	225.0
395.0	235.0
395.0	255.0
395.0	285.0
395.0	295.0
395.0	305.0
395.0	315.0
395.0	325.0
395.0	335.0
395.0	345.0
395.0	355.0
395.0	365.0
395.0	375.0
395.0	385.0
395.0	415.0
395.0	425.0
395.0	435.0
395.0	445.0
395.0	455.0
395.0	465.0
395.0	475.0
395.0	485.0
395.0	495.0
395.0	505.0
395.0	515.0
395.0	525.0
395.0	535.0
395.0	545.0
395.0	555.0
395.0	565.0
395.0	575.0
395.0	585.0
395.0	615.0
395.0	625.0
395.0	635.0
395.0	665.0
395.0	675.0
395.0	685.0
395.0	695.0
395.0	705.0
395.0	715.0
395.0	745.0
395.0	765.0
395.0	775.0
395.0	785.0
395.0	795.0
395.0	805.0
395.0	815.0
395.0	825.0
395.0	845.0
395.0	855.0
395.0	865.0
395.0	895.0
395.0	905.0
395.0	915.0
395.0	925.0
395.0	935.0
395.0	945.0
395.0	955.0
395.0	965.0
395.0	975.0
395.0	985.0
395.0	995.0
405.0	5.0
405.0	15.0
405.0	25.0
405.0	35.0
405.0	45.0
405.0	55.0
405.0	65.0
405.0	75.0
405.0	85.0
405.0	95.0
405.0	105.0
405.0	125.0
405.0	135.0
405.0	145.0
405.0	155.0
405.0	165.0
405.0	175.0
405.0	185.0
405.0	195.0
405.0	205.0
405.0	215.0
405.0	225.0
405.0	235.0
405.0	245.0
405.0	255.0
405.0	275.0
405.0	285.0
405.0	295.0
405.0	305.0
405.0	315.0
405.0	325.0
405.0	335.0
405.0	345.0
405.0	355.0
405.0	365.0
405.0	375.0
405.0	385.0
405.0	405.0
405.0	415.0
405.0	425.0
405.0	435.0
405.0	445.0
405.0	455.0
405.0	465.0
405.0	475.0
405.0	485.0
405.0	495.0
405.0	505.0
405.0	515.0
405.0	525.0
405.0	535.0
405.0	545.0
405.0	555.0
405.0	565.0
405.0	575.0
405.0	585.0
405.0	615.0
405.0	625.0
405.0	635.0
405.0	645.0
405.0	655.0
405.0	665.0
405.0	675.0
405.0	685.0
405.0	695.0
405.0	705.0
405.0	715.0
405.0	725.0
405.0	745.0
405.0	755.0
405.0	765.0
405.0	775.0
405.0	785.0
405.0	795.0
405.0	805.0
405.0	815.0
405.0	825.0
405.0	835.0
405.0	845.0
405.0	855.0
405.0	865.0
405.0	875.0
405.0	895.0
405.0	905.0
405.0	915.0
405.0	925.0
405.0	935.0
405.0	945.0
405.0	955.0
405.0	965.0
405.0	975.0
405.0	985.0
405.0	995.0
415.0	5.0
415.0	15.0
415.0	25.0
415.0	35.0
415.0	45.0
415.0	55.0
415.0	65.0
415.0	75.0
415.0	85.0
415.0	95.0
415.0	105.0
415.0	125.0
415.0	135.0
415.0	145.0
415.0	155.0
415.0	165.0
415.0	175.0
415.0	185.0
415.0	195.0
415.0	205.0
415.0	215.0
415.0	225.0
415.0	235.0
415.0	245.0
415.0	255.0
415.0	275.0
415.0	285.0
415.0	295.0
415.0	305.0
415.0	315.0
415.0	325.0
415.0	335.0
415.0	345.0
415.0	355.0
415.0	365.0
415.0	375.0
415.0	385.0
415.0	405.0
415.0	415.0
415.0	425.0
415.0	435.0
415.0	445.0
415.0	455.0
415.0	465.0
415.0	475.0
415.0	485.0
415.0	495.0
415.0	505.0
415.0	515.0
415.0	525.0
415.0	535.0
415.0	545.0
415.0	555.0
415.0	565.0
415.0	575.0
415.0	585.0
415.0	615.0
415.0	625.0
415.0	635.0
415.0	645.0
415.0	655.0
415.0	665.0
415.0	675.0
415.0	685.0
415.0	695.0
415.0	705.0
415.0	715.0
415.0	725.0
415.0	745.0
415.0	755.0
415.0	765.0
415.0	775.0
415.0	785.0
415.0	795.0
415.0	805.0
415.0	815.0
415.0	825.0
415.0	835.0
415.0	845.0
415.0	855.0
415.0	865.0
415.0	875.0
415.0	895.0
415.0	905.0
415.0	915.0
415.0	925.0
415.0	935.0
415.0	945.0
415.0	955.0
415.0	965.0
415.0	975.0
415.0	985.0
415.0	995.0
425.0	5.0
425.0	15.0
425.0	25.0
425.0	35.0
425.0	45.0
425.0	55.0
425.0	65.0
425.0	75.0
425.0	85.0
425.0	95.0
425.0	105.0
425.0	125.0
425.0	135.0
425.0	145.0
425.0	155.0
425.0	165.0
425.0	175.0
425.0	185.0
425.0	195.0
425.0	205.0
425.0	215.0
425.0	225.0
425.0	235.0
425.0	245.0
425.0	255.0
425.0	285.0
425.0	295.0
425.0	305.0
425.0	315.0
425.0	325.0
425.0	335.0
425.0	345.0
425.0	355.0
425.0	365.0
425.0	375.0
425.0	385.0
425.0	405.0
425.0	415.0
425.0	425.0
425.0	435.0
425.0	445.0
425.0	455.0
425.0	465.0
425.0	475.0
425.0	485.0
425.0	495.0
425.0	505.0
425.0	515.0
425.0	525.0
425.0	535.0
425.0	545.0
425.0	555.0
425.0	565.0
425.0	575.0
425.0	585.0
425.0	615.0
425.0	625.0
425.0	635.0
425.0	645.0
425.0	655.0
425.0	665.0
425.0	675.0
425.0	685.0
425.0	695.0
425.0	705.0
425.0	715.0
425.0	745.0
425.0	755.0
425.0	765.0
425.0	775.0
425.0	785.0
425.0	795.0
425.0	805.0
425.0	815.0
425.0	825.0
425.0	835.0
425.0	845.0
425.0	855.0
425.0	865.0
425.0	875.0
425.0	895.0
425.0	905.0
425.0	915.0
425.0	925.0
425.0	935.0
425.0	945.0
425.0	955.0
425.0	965.0
425.0	975.0
425.0	985.0
425.0	995.0
435.0	5.0
435.0	15.0
435.0	25.0
435.0	35.0
435.0	45.0
435.0	55.0
435.0	65.0
435.0	75.0
435.0	85.0
435.0	95.0
435.0	105.0
435.0	135.0
435.0	145.0
435.0	285.0
435.0	295.0
435.0	305.0
435.0	315.0
435.0	325.0
435.0	335.0
435.0	365.0
435.0	375.0
435.0	385.0
435.0	415.0
435.0	425.0
435.0	435.0
435.0	445.0
435.0	455.0
435.0	465.0
435.0	475.0
435.0	485.0
435.0	495.0
435.0	505.0
435.0	515.0
435.0	525.0
435.0	535.0
435.0	545.0
435.0	555.0
435.0	565.0
435.0	575.0
435.0	585.0
435.0	615.0
435.0	625.0
435.0	635.0
435.0	665.0
435.0	675.0
435.0	685.0
435.0	695.0
435.0	705.0
435.0	715.0
435.0	855.0
435.0	865.0
435.0	895.0
435.0	905.0
435.0	915.0
435.0	925.0
435.0	935.0
435.0	945.0
435.0	955.0
435.0	965.0
435.0	975.0
435.0	985.0
435.0	995.0
445.0	5.0
445.0	15.0
445.0	25.0
445.0	35.0
445.0	45.0
445.0	55.0
445.0	65.0
445.0	75.0
445.0	85.0
445.0	95.0
445.0	105.0
445.0	135.0
445.0	145.0
445.0	285.0
445.0	295.0
445.0	305.0
445.0	315.0
445.0	325.0
445.0	335.0
445.0	365.0
445.0	375.0
445.0	385.0
445.0	415.0
445.0	425.0
445.0	435.0
445.0	445.0
445.0	455.0
445.0	465.0
445.0	475.0
445.0	485.0
445.0	495.0
445.0	505.0
445.0	515.0
445.0	525.0
445.0	535.0
445.0	545.0
445.0	555.0
445.0	565.0
445.0	575.0
445.0	585.0
445.0	615.0
445.0	625.0
445.0	635.0
445.0	665.0
445.0	675.0
445.0	685.0
445.0	695.0
445.0	705.0
445.0	715.0
445.0	845.0
445.0	855.0
445.0	865.0
445.0	895.0
445.0	905.0
445.0	915.0
445.0	925.0
445.0	935.0
445.0	945.0
445.0	955.0
445.0	965.0
445.0	975.0
445.0	985.0
445.0	995.0
455.0	5.0
455.0	15.0
455.0	25.0
455.0	35.0
455.0	45.0
455.0	55.0
455.0	65.0
455.0	75.0
455.0	85.0
455.0	95.0
455.0	105.0
455.0	125.0
455.0	135.0
455.0	145.0
455.0	155.0
455.0	165.0
455.0	175.0
455.0	185.0
455.0	195.0
455.0	205.0
455.0	215.0
455.0	225.0
455.0	255.0
455.0	275.0
455.0	285.0
455.0	295.0
455.0	305.0
455.0	315.0
455.0	325.0
455.0	335.0
455.0	345.0
455.0	355.0
455.0	365.0
455.0	375.0
455.0	385.0
455.0	405.0
455.0	415.0
455.0	425.0
455.0	435.0
455.0	445.0
455.0	455.0
455.0	465.0
455.0	475.0
455.0	485.0
455.0	495.0
455.0	505.0
455.0	515.0
455.0	525.0
455.0	535.0
455.0	545.0
455.0	555.0
455.0	565.0
455.0	575.0
455.0	585.0
455.0	615.0
455.0	625.0
455.0	635.0
455.0	645.0
455.0	655.0
455.0	665.0
455.0	675.0
455.0	685.0
455.0	695.0
455.0	705.0
455.0	715.0
455.0	745.0
455.0	775.0
455.0	785.0
455.0	795.0
455.0	805.0
455.0	815.0
455.0	825.0
455.0	835.0
455.0	845.0
455.0	855.0
455.0	865.0
455.0	875.0
455.0	895.0
455.0	905.0
455.0	915.0
455.0	925.0
455.0	935.0
455.0	945.0
455.0	955.0
455.0	965.0
455.0	975.0
455.0	985.0
455.0	995.0
465.0	5.0
465.0	15.0
465.0	25.0
465.0	35.0
465.0	45.0
465.0	55.0
465.0	65.0
465.0	75.0
465.0	85.0
465.0	95.0
465.0	105.0
465.0	125.0
465.0	135.0
465.0	145.0
465.0	155.0
465.0	165.0
465.0	175.0
465.0	185.0
465.0	195.0
465.0	225.0
465.0	255.0
465.0	275.0
465.0	285.0
465.0	295.0
465.0	305.0
465.0	315.0
465.0	325.0
465.0	335.0
465.0	345.0
465.0	355.0
465.0	365.0
465.0	375.0
465.0	385.0
465.0	405.0
465.0	415.0
465.0	425.0
465.0	435.0
465.0	445.0
465.0	455.0
465.0	465.0
465.0	475.0
465.0	485.0
465.0	495.0
465.0	505.0
465.0	515.0
465.0	525.0
465.0	535.0
465.0	545.0
465.0	555.0
465.0	565.0
465.0	575.0
465.0	585.0
465.0	615.0
465.0	625.0
465.0	635.0
465.0	645.0
465.0	655.0
465.0	665.0
465.0	675.0
465.0	685.0
465.0	695.0
465.0	705.0
465.0	715.0
465.0	725.0
465.0	745.0
465.0	775.0
465.0	805.0
465.0	815.0
465.0	825.0
465.0	855.0
465.0	865.0
465.0	875.0
465.0	895.0
465.0	905.0
465.0	915.0
465.0	925.0
465.0	935.0
465.0	945.0
465.0	955.0
465.0	965.0
465.0	975.0
465.0	985.0
465.0	995.0
475.0	5.0
475.0	15.0
475.0	25.0
475.0	35.0
475.0	45.0
475.0	55.0
475.0	65.0
475.0	75.0
475.0	85.0
475.0	95.0
475.0	105.0
475.0	125.0
475.0	135.0
475.0	145.0
475.0	155.0
475.0	165.0
475.0	175.0
475.0	185.0
475.0	195.0
475.0	255.0
475.0	275.0
475.0	285.0
475.0	295.0
475.0	305.0
475.0	315.0
475.0	325.0
475.0	335.0
475.0	345.0
475.0	355.0
475.0	365.0
475.0	375.0
475.0	385.0
475.0	405.0
475.0	415.0
475.0	425.0
475.0	435.0
475.0	445.0
475.0	455.0
475.0	465.0
475.0	475.0
475.0	485.0
475.0	495.0
475.0	505.0
475.0	515.0
475.0	525.0
475.0	535.0
475.0	545.0
475.0	555.0
475.0	565.0
475.0	575.0
475.0	585.0
475.0	615.0
475.0	625.0
475.0	635.0
475.0	645.0
475.0	655.0
475.0	665.0
475.0	675.0
475.0	685.0
475.0	695.0
475.0	705.0
475.0	715.0
475.0	725.0
475.0	745.0
475.0	775.0
475.0	805.0
475.0	815.0
475.0	825.0
475.0	855.0
475.0	865.0
475.0	875.0
475.0	895.0
475.0	905.0
475.0	915.0
475.0	925.0
475.0	935.0
475.0	945.0
475.0	955.0
475.0	965.0
475.0	975.0
475.0	985.0
475.0	995.0
485.0	5.0
485.0	15.0
485.0	25.0
485.0	35.0
485.0	45.0
485.0	55.0
485.0	65.0
485.0	75.0
485.0	85.0
485.0	95.0
485.0	105.0
485.0	125.0
485.0	135.0
485.0	145.0
485.0	155.0
485.0	255.0
485.0	285.0
485.0	295.0
485.0	305.0
485.0	315.0
485.0	325.0
485.0	335.0
485.0	345.0
485.0	355.0
485.0	365.0
485.0	375.0
485.0	385.0
485.0	415.0
485.0	425.0
485.0	435.0
485.0	445.0
485.0	455.0
485.0	465.0
485.0	475.0
485.0	485.0
485.0	495.0
485.0	505.0
485.0	515.0
485.0	525.0
485.0	535.0
485.0	545.0
485.0	555.0
485.0	565.0
485.0	575.0
485.0	585.0
485.0	615.0
485.0	625.0
485.0	635.0
485.0	645.0
485.0	655.0
485.0	665.0
485.0	675.0
485.0	685.0
485.0	695.0
485.0	705.0
485.0	715.0
485.0	855.0
485.0	865.0
485.0	895.0
485.0	905.0
485.0	915.0
485.0	925.0
485.0	935.0
485.0	945.0
485.0	955.0
485.0	965.0
485.0	975.0
485.0	985.0
485.0	995.0
495.0	5.0
495.0	15.0
495.0	25.0
495.0	35.0
495.0	45.0
495.0	55.0
495.0	65.0
495.0	75.0
495.0	85.0
495.0	95.0
495.0	105.0
495.0	135.0
495.0	145.0
495.0	155.0
495.0	285.0
495.0	295.0
495.0	305.0
495.0	315.0
495.0	325.0
495.0	335.0
495.0	365.0
495.0	375.0
495.0	385.0
495.0	415.0
495.0	425.0
495.0	435.0
495.0	445.0
495.0	455.0
495.0	465.0
495.0	475.0
495.0	485.0
495.0	495.0
495.0	505.0
495.0	515.0
495.0	525.0
495.0	535.0
495.0	545.0
495.0	555.0
495.0	565.0
495.0	575.0
495.0	585.0
495.0	615.0
495.0	625.0
495.0	635.0
495.0	665.0
495.0	675.0
495.0	685.0
495.0	695.0
495.0	705.0
495.0	715.0
495.0	855.0
495.0	865.0
495.0	895.0
495.0	905.0
495.0	915.0
495.0	925.0
495.0	935.0
495.0	945.0
495.0	955.0
495.0	965.0
495.0	975.0
495.0	985.0
495.0	995.0
505.0	5.0
505.0	15.0
505.0	25.0
505.0	35.0
505.0	45.0
505.0	55.0
505.0	65.0
505.0	75.0
505.0	85.0
505.0	95.0
505.0	105.0
505.0	125.0
505.0	135.0
505.0	145.0
505.0	155.0
505.0	175.0
505.0	185.0
505.0	195.0
505.0	205.0
505.0	215.0
505.0	225.0
505.0	235.0
505.0	255.0
505.0	285.0
505.0	295.0
505.0	305.0
505.0	315.0
505.0	325.0
505.0	335.0
505.0	345.0
505.0	355.0
505.0	365.0
505.0	375.0
505.0	385.0
505.0	415.0
505.0	425.0
505.0	435.0
505.0	445.0
505.0	455.0
505.0	465.0
505.0	475.0
505.0	485.0
505.0	495.0
505.0	505.0
505.0	515.0
505.0	525.0
505.0	535.0
505.0	545.0
505.0	555.0
505.0	565.0
505.0	575.0
505.0	585.0
505.0	615.0
505.0	625.0
505.0	635.0
505.0	645.0
505.0	655.0
505.0	665.0
505.0	675.0
505.0	685.0
505.0	695.0
505.0	705.0
505.0	715.0
505.0	745.0
505.0	765.0
505.0	775.0
505.0	785.0
505.0	795.0
505.0	805.0
505.0	815.0
505.0	825.0
505.0	845.0
505.0	855.0
505.0	865.0
505.0	895.0
505.0	905.0
505.0	915.0
505.0	925.0
505.0	935.0
505.0	945.0
505.0	955.0
505.0	965.0
505.0	975.0
505.0	985.0
505.0	995.0
515.0	5.0
515.0	15.0
515.0	25.0
515.0	35.0
515.0	45.0
515.0	55.0
515.0	65.0
515.0	75.0
515.0	85.0
515.0	95.0
515.0	105.0
515.0	125.0
515.0	135.0
515.0	145.0
515.0	155.0
515.0	165.0
515.0	175.0
515.0	185.0
515.0	195.0
515.0	205.0
515.0	215.0
515.0	225.0
515.0	235.0
515.0	245.0
515.0	255.0
515.0	275.0
515.0	285.0
515.0	295.0
515.0	305.0
515.0	315.0
515.0	325.0
515.0	335.0
515.0	345.0
515.0	355.0
515.0	365.0
515.0	375.0
515.0	385.0
515.0	405.0
515.0	415.0
515.0	425.0
515.0	435.0
515.0	445.0
515.0	455.0
515.0	465.0
515.0	475.0
515.0	485.0
515.0	495.0
515.0	505.0
515.0	515.0
515.0	525.0
515.0	535.0
515.0	545.0
515.0	555.0
515.0	565.0
515.0	575.0
515.0	585.0
515.0	615.0
515.0	625.0
515.0	635.0
515.0	645.0
515.0	655.0
515.0	665.0
515.0	675.0
515.0	685.0
515.0	695.0
515.0	705.0
515.0	715.0
515.0	725.0
515.0	735.0
515.0	745.0
515.0	755.0
515.0	765.0
515.0	775.0
515.0	785.0
515.0	795.0
515.0	805.0
515.0	815.0
515.0	825.0
515.0	835.0
515.0	845.0
515.0	855.0
515.0	865.0
515.0	875.0
515.0	895.0
515.0	905.0
515.0	915.0
515.0	925.0
515.0	935.0
515.0	945.0
515.0	955.0
515.0	965.0
515.0	975.0
515.0	985.0
515.0	995.0
525.0	5.0
525.0	15.0
525.0	25.0
525.0	35.0
525.0	45.0
525.0	55.0
525.0	65.0
525.0	75.0
525.0	85.0
525.0	95.0
525.0	105.0
525.0	125.0
525.0	135.0
525.0	145.0
525.0	155.0
525.0	165.0
525.0	175.0
525.0	185.0
525.0	195.0
525.0	205.0
525.0	215.0
525.0	225.0
525.0	235.0
525.0	245.0
525.0	255.0
525.0	275.0
525.0	285.0
525.0	295.0
525.0	305.0
525.0	315.0
525.0	325.0
525.0	335.0
525.0	345.0
525.0	355.0
525.0	365.0
525.0	375.0
525.0	385.0
525.0	405.0
525.0	415.0
525.0	425.0
525.0	435.0
525.0	445.0
525.0	455.0
525.0	465.0
525.0	475.0
525.0	485.0
525.0	495.0
525.0	505.0
525.0	515.0
525.0	525.0
525.0	535.0
525.0	545.0
525.0	555.0
525.0	565.0
525.0	575.0
525.0	585.0
525.0	615.0
525.0	625.0
525.0	635.0
525.0	645.0
525.0	655.0
525.0	665.0
525.0	675.0
525.0	685.0
525.0	695.0
525.0	705.0
525.0	715.0
525.0	725.0
525.0	735.0
525.0	745.0
525.0	755.0
525.0	765.0
525.0	775.0
525.0	785.0
525.0	795.0
525.0	805.0
525.0	815.0
525.0	825.0
525.0	835.0
525.0	845.0
525.0	855.0
525.0	865.0
525.0	875.0
525.0	895.0
525.0	905.0
525.0	915.0
525.0	925.0
525.0	935.0
525.0	945.0
525.0	955.0
525.0	965.0
525.0	975.0
525.0	985.0
525.0	995.0
535.0	5.0
535.0	15.0
535.0	25.0
535.0	35.0
535.0	45.0
535.0	55.0
535.0	65.0
535.0	75.0
535.0	85.0
535.0	95.0
535.0	105.0
535.0	125.0
535.0	135.0
535.0	145.0
535.0	155.0
535.0	165.0
535.0	175.0
535.0	185.0
535.0	195.0
535.0	205.0
535.0	215.0
535.0	225.0
535.0	235.0
535.0	245.0
535.0	255.0
535.0	285.0
535.0	295.0
535.0	305.0
535.0	315.0
535.0	325.0
535.0	335.0
535.0	345.0
535.0	375.0
535.0	385.0
535.0	405.0
535.0	415.0
535.0	425.0
535.0	435.0
535.0	445.0
535.0	455.0
535.0	465.0
535.0	475.0
535.0	485.0
535.0	495.0
535.0	505.0
535.0	515.0
535.0	525.0
535.0	535.0
535.0	545.0
535.0	555.0
535.0	565.0
535.0	575.0
535.0	585.0
535.0	615.0
535.0	625.0
535.0	635.0
535.0	645.0
535.0	655.0
535.0	665.0
535.0	675.0
535.0	685.0
535.0	695.0
535.0	705.0
535.0	715.0
535.0	745.0
535.0	755.0
535.0	765.0
535.0	775.0
535.0	785.0
535.0	795.0
535.0	805.0
535.0	815.0
535.0	825.0
535.0	835.0
535.0	845.0
535.0	855.0
535.0	865.0
535.0	875.0
535.0	895.0
535.0	905.0
535.0	915.0
535.0	925.0
535.0	935.0
535.0	945.0
535.0	955.0
535.0	965.0
535.0	975.0
535.0	985.0
535.0	995.0
545.0	5.0
545.0	15.0
545.0	25.0
545.0	35.0
545.0	45.0
545.0	55.0
545.0	65.0
545.0	75.0
545.0	85.0
545.0	95.0
545.0	105.0
545.0	135.0
545.0	145.0
545.0	175.0
545.0	185.0
545.0	195.0
545.0	205.0
545.0	215.0
545.0	225.0
545.0	285.0
545.0	295.0
545.0	305.0
545.0	315.0
545.0	325.0
545.0	335.0
545.0	385.0
545.0	415.0
545.0	425.0
545.0	435.0
545.0	445.0
545.0	455.0
545.0	465.0
545.0	475.0
545.0	485.0
545.0	495.0
545.0	505.0
545.0	515.0
545.0	525.0
545.0	535.0
545.0	545.0
545.0	555.0
545.0	565.0
545.0	575.0
545.0	585.0
545.0	615.0
545.0	625.0
545.0	635.0
545.0	665.0
545.0	675.0
545.0	685.0
545.0	695.0
545.0	705.0
545.0	715.0
545.0	765.0
545.0	775.0
545.0	785.0
545.0	795.0
545.0	805.0
545.0	815.0
545.0	845.0
545.0	855.0
545.0	865.0
545.0	895.0
545.0	905.0
545.0	915.0
545.0	925.0
545.0	935.0
545.0	945.0
545.0	955.0
545.0	965.0
545.0	975.0
545.0	985.0
545.0	995.0
555.0	5.0
555.0	15.0
555.0	25.0
555.0	35.0
555.0	45.0
555.0	55.0
555.0	65.0
555.0	75.0
555.0	85.0
555.0	95.0
555.0	105.0
555.0	135.0
555.0	145.0
555.0	175.0
555.0	185.0
555.0	195.0
555.0	205.0
555.0	215.0
555.0	225.0
555.0	285.0
555.0	295.0
555.0	305.0
555.0	315.0
555.0	325.0
555.0	335.0
555.0	375.0
555.0	385.0
555.0	415.0
555.0	425.0
555.0	435.0
555.0	445.0
555.0	455.0
555.0	465.0
555.0	475.0
555.0	485.0
555.0	495.0
555.0	505.0
555.0	515.0
555.0	525.0
555.0	535.0
555.0	545.0
555.0	555.0
555.0	565.0
555.0	575.0
555.0	585.0
555.0	615.0
555.0	625.0
555.0	635.0
555.0	665.0
555.0	675.0
555.0	685.0
555.0	695.0
555.0	705.0
555.0	715.0
555.0	765.0
555.0	775.0
555.0	785.0
555.0	795.0
555.0	805.0
555.0	815.0
555.0	845.0
555.0	855.0
555.0	865.0
555.0	895.0
555.0	905.0
555.0	915.0
555.0	925.0
555.0	935.0
555.0	945.0
555.0	955.0
555.0	965.0
555.0	975.0
555.0	985.0
555.0	995.0
565.0	5.0
565.0	15.0
565.0	25.0
565.0	35.0
565.0	45.0
565.0	55.0
565.0	65.0
565.0	75.0
565.0	85.0
565.0	95.0
565.0	105.0
565.0	125.0
565.0	135.0
565.0	145.0
565.0	155.0
565.0	165.0
565.0	175.0
565.0	185.0
565.0	195.0
565.0	205.0
565.0	215.0
565.0	225.0
565.0	235.0
565.0	245.0
565.0	255.0
565.0	285.0
565.0	295.0
565.0	305.0
565.0	315.0
565.0	325.0
565.0	335.0
565.0	355.0
565.0	365.0
565.0	375.0
565.0	385.0
565.0	405.0
565.0	415.0
565.0	425.0
565.0	435.0
565.0	445.0
565.0	455.0
565.0	465.0
565.0	475.0
565.0	485.0
565.0	495.0
565.0	505.0
565.0	515.0
565.0	525.0
565.0	535.0
565.0	545.0
565.0	555.0
565.0	565.0
565.0	575.0
565.0	585.0
565.0	615.0
565.0	625.0
565.0	635.0
565.0	645.0
565.0	655.0
565.0	665.0
565.0	675.0
565.0	685.0
565.0	695.0
565.0	705.0
565.0	715.0
565.0	745.0
565.0	755.0
565.0	765.0
565.0	775.0
565.0	785.0
565.0	795.0
565.0	805.0
565.0	815.0
565.0	825.0
565.0	835.0
565.0	845.0
565.0	855.0
565.0	865.0
565.0	875.0
565.0	895.0
565.0	905.0
565.0	915.0
565.0	925.0
565.0	935.0
565.0	945.0
565.0	955.0
565.0	965.0
565.0	975.0
565.0	985.0
565.0	995.0
575.0	5.0
575.0	15.0
575.0	25.0
575.0	35.0
575.0	45.0
575.0	55.0
575.0	65.0
575.0	75.0
575.0	85.0
575.0	95.0
575.0	105.0
575.0	125.0
575.0	135.0
575.0	145.0
575.0	155.0
575.0	165.0
575.0	175.0
575.0	185.0
575.0	195.0
575.0	205.0
575.0	215.0
575.0	225.0
575.0	235.0
575.0	245.0
575.0	255.0
575.0	275.0
575.0	285.0
575.0	295.0
575.0	305.0
575.0	315.0
575.0	325.0
575.0	385.0
575.0	405.0
575.0	415.0
575.0	425.0
575.0	435.0
575.0	445.0
575.0	455.0
575.0	465.0
575.0	475.0
575.0	485.0
575.0	495.0
575.0	505.0
575.0	515.0
575.0	525.0
575.0	535.0
575.0	545.0
575.0	555.0
575.0	565.0
575.0	575.0
575.0	585.0
575.0	615.0
575.0	625.0
575.0	635.0
575.0	645.0
575.0	655.0
575.0	665.0
575.0	675.0
575.0	685.0
575.0	695.0
575.0	705.0
575.0	715.0
575.0	735.0
575.0	745.0
575.0	755.0
575.0	765.0
575.0	775.0
575.0	785.0
575.0	795.0
575.0	805.0
575.0	815.0
575.0	825.0
575.0	835.0
575.0	845.0
575.0	855.0
575.0	865.0
575.0	875.0
575.0	895.0
575.0	905.0
575.0	915.0
575.0	925.0
575.0	935.0
575.0	945.0
575.0	955.0
575.0	965.0
575.0	975.0
575.0	985.0
575.0	995.0
585.0	5.0
585.0	15.0
585.0	25.0
585.0	35.0
585.0	45.0
585.0	55.0
585.0	65.0
585.0	75.0
585.0	85.0
585.0	95.0
585.0	105.0
585.0	125.0
585.0	135.0
585.0	145.0
585.0	155.0
585.0	165.0
585.0	175.0
585.0	185.0
585.0	195.0
585.0	205.0
585.0	215.0
585.0	225.0
585.0	235.0
585.0	245.0
585.0	255.0
585.0	275.0
585.0	285.0
585.0	295.0
585.0	305.0
585.0	315.0
585.0	325.0
585.0	385.0
585.0	405.0
585.0	415.0
585.0	425.0
585.0	435.0
585.0	445.0
585.0	455.0
585.0	465.0
585.0	475.0
585.0	485.0
585.0	495.0
585.0	505.0
585.0	515.0
585.0	525.0
585.0	535.0
585.0	545.0
585.0	555.0
585.0	565.0
585.0	575.0
585.0	585.0
585.0	615.0
585.0	625.0
585.0	635.0
585.0	645.0
585.0	655.0
585.0	665.0
585.0	675.0
585.0	685.0
585.0	695.0
585.0	705.0
585.0	715.0
585.0	735.0
585.0	745.0
585.0	755.0
585.0	765.0
585.0	775.0
585.0	785.0
585.0	795.0
585.0	805.0
585.0	815.0
585.0	825.0
585.0	835.0
585.0	845.0
585.0	855.0
585.0	865.0
585.0	875.0
585.0	895.0
585.0	905.0
585.0	915.0
585.0	925.0
585.0	935.0
585.0	945.0
585.0	955.0
585.0	965.0
585.0	975.0
585.0	985.0
585.0	995.0
595.0	5.0
595.0	15.0
595.0	25.0
595.0	35.0
595.0	45.0
595.0	55.0
595.0	65.0
595.0	75.0
595.0	85.0
595.0	95.0
595.0	105.0
595.0	125.0
595.0	135.0
595.0	145.0
595.0	155.0
595.0	175.0
595.0	185.0
595.0	195.0
595.0	205.0
595.0	215.0
595.0	225.0
595.0	255.0
595.0	285.0
595.0	295.0
595.0	305.0
595.0	315.0
595.0	365.0
595.0	375.0
595.0	385.0
595.0	415.0
595.0	425.0
595.0	435.0
595.0	445.0
595.0	455.0
595.0	465.0
595.0	475.0
595.0	485.0
595.0	495.0
595.0	505.0
595.0	515.0
595.0	525.0
595.0	535.0
595.0	545.0
595.0	555.0
595.0	565.0
595.0	575.0
595.0	585.0
595.0	615.0
595.0	625.0
595.0	635.0
595.0	655.0
595.0	665.0
595.0	675.0
595.0	685.0
595.0	695.0
595.0	705.0
595.0	715.0
595.0	745.0
595.0	765.0
595.0	775.0
595.0	785.0
595.0	795.0
595.0	805.0
595.0	815.0
595.0	825.0
595.0	845.0
595.0	855.0
595.0	865.0
595.0	895.0
595.0	905.0
595.0	915.0
595.0	925.0
595.0	935.0
595.0	945.0
595.0	955.0
595.0	965.0
595.0	975.0
595.0	985.0
595.0	995.0
605.0	5.0
605.0	15.0
605.0	25.0
605.0	35.0
605.0	45.0
605.0	55.0
605.0	65.0
605.0	75.0
605.0	85.0
605.0	95.0
605.0	105.0
605.0	135.0
605.0	145.0
605.0	175.0
605.0	185.0
605.0	195.0
605.0	205.0
605.0	215.0
605.0	225.0
605.0	285.0
605.0	295.0
605.0	305.0
605.0	315.0
605.0	375.0
605.0	385.0
605.0	415.0
605.0	425.0
605.0	435.0
605.0	445.0
605.0	455.0
605.0	465.0
605.0	475.0
605.0	485.0
605.0	495.0
605.0	505.0
605.0	515.0
605.0	525.0
605.0	535.0
605.0	545.0
605.0	555.0
605.0	565.0
605.0	575.0
605.0	585.0
605.0	615.0
605.0	625.0
605.0	635.0
605.0	665.0
605.0	675.0
605.0	685.0
605.0	695.0
605.0	705.0
605.0	715.0
605.0	775.0
605.0	785.0
605.0	795.0
605.0	805.0
605.0	815.0
605.0	855.0
605.0	865.0
605.0	895.0
605.0	905.0
605.0	915.0
605.0	925.0
605.0	935.0
605.0	945.0
605.0	955.0
605.0	965.0
605.0	975.0
605.0	985.0
605.0	995.0
615.0	5.0
615.0	15.0
615.0	25.0
615.0	35.0
615.0	45.0
615.0	55.0
615.0	65.0
615.0	75.0
615.0	85.0
615.0	95.0
615.0	105.0
615.0	125.0
615.0	135.0
615.0	145.0
615.0	155.0
615.0	175.0
615.0	185.0
615.0	195.0
615.0	205.0
615.0	215.0
615.0	225.0
615.0	235.0
615.0	255.0
615.0	285.0
615.0	295.0
615.0	305.0
615.0	315.0
615.0	335.0
615.0	345.0
615.0	385.0
615.0	415.0
615.0	425.0
615.0	435.0
615.0	445.0
615.0	455.0
615.0	465.0
615.0	475.0
615.0	485.0
615.0	495.0
615.0	505.0
615.0	515.0
615.0	525.0
615.0	535.0
615.0	545.0
615.0	555.0
615.0	565.0
615.0	575.0
615.0	585.0
615.0	615.0
615.0	625.0
615.0	635.0
615.0	645.0
615.0	655.0
615.0	665.0
615.0	675.0
615.0	685.0
615.0	695.0
615.0	705.0
615.0	715.0
615.0	745.0
615.0	765.0
615.0	775.0
615.0	785.0
615.0	795.0
615.0	805.0
615.0	815.0
615.0	825.0
615.0	845.0
615.0	855.0
615.0	865.0
615.0	895.0
615.0	905.0
615.0	915.0
615.0	925.0
615.0	935.0
615.0	945.0
615.0	955.0
615.0	965.0
615.0	975.0
615.0	985.0
615.0	995.0
625.0	5.0
625.0	15.0
625.0	25.0
625.0	35.0
625.0	45.0
625.0	55.0
625.0	65.0
625.0	75.0
625.0	85.0
625.0	95.0
625.0	105.0
625.0	125.0
625.0	135.0
625.0	145.0
625.0	155.0
625.0	165.0
625.0	175.0
625.0	185.0
625.0	195.0
625.0	205.0
625.0	215.0
625.0	225.0
625.0	235.0
625.0	245.0
625.0	255.0
625.0	275.0
625.0	285.0
625.0	295.0
625.0	305.0
625.0	335.0
625.0	345.0
625.0	355.0
625.0	365.0
625.0	375.0
625.0	385.0
625.0	405.0
625.0	415.0
625.0	425.0
625.0	435.0
625.0	445.0
625.0	455.0
625.0	465.0
625.0	475.0
625.0	485.0
625.0	495.0
625.0	505.0
625.0	515.0
625.0	525.0
625.0	535.0
625.0	545.0
625.0	555.0
625.0	565.0
625.0	575.0
625.0	585.0
625.0	615.0
625.0	625.0
625.0	635.0
625.0	645.0
625.0	655.0
625.0	665.0
625.0	675.0
625.0	685.0
625.0	695.0
625.0	705.0
625.0	715.0
625.0	735.0
625.0	745.0
625.0	755.0
625.0	765.0
625.0	775.0
625.0	785.0
625.0	795.0
625.0	805.0
625.0	815.0
625.0	825.0
625.0	835.0
625.0	845.0
625.0	855.0
625.0	865.0
625.0	875.0
625.0	895.0
625.0	905.0
625.0	915.0
625.0	925.0
625.0	935.0
625.0	945.0
625.0	955.0
625.0	965.0
625.0	975.0
625.0	985.0
625.0	995.0
635.0	5.0
635.0	15.0
635.0	25.0
635.0	35.0
635.0	45.0
635.0	55.0
635.0	65.0
635.0	75.0
635.0	85.0
635.0	95.0
635.0	105.0
635.0	125.0
635.0	135.0
635.0	145.0
635.0	155.0
635.0	165.0
635.0	175.0
635.0	185.0
635.0	195.0
635.0	205.0
635.0	215.0
635.0	225.0
635.0	235.0
635.0	245.0
635.0	255.0
635.0	275.0
635.0	285.0
635.0	295.0
635.0	305.0
635.0	385.0
635.0	405.0
635.0	415.0
635.0	425.0
635.0	435.0
635.0	445.0
635.0	455.0
635.0	465.0
635.0	475.0
635.0	485.0
635.0	495.0
635.0	505.0
635.0	515.0
635.0	525.0
635.0	535.0
635.0	545.0
635.0	555.0
635.0	565.0
635.0	575.0
635.0	585.0
635.0	615.0
635.0	625.0
635.0	635.0
635.0	645.0
635.0	655.0
635.0	665.0
635.0	675.0
635.0	685.0
635.0	695.0
635.0	705.0
635.0	715.0
635.0	735.0
635.0	745.0
635.0	755.0
635.0	765.0
635.0	775.0
635.0	785.0
635.0	795.0
635.0	805.0
635.0	815.0
635.0	825.0
635.0	835.0
635.0	845.0
635.0	855.0
635.0	865.0
635.0	875.0
635.0	895.0
635.0	905.0
635.0	915.0
635.0	925.0
635.0	935.0
635.0	945.0
635.0	955.0
635.0	965.0
635.0	975.0
635.0	985.0
635.0	995.0
645.0	5.0
645.0	15.0
645.0	25.0
645.0	35.0
645.0	45.0
645.0	55.0
645.0	65.0
645.0	75.0
645.0	85.0
645.0	95.0
645.0	105.0
645.0	125.0
645.0	135.0
645.0	145.0
645.0	155.0
645.0	165.0
645.0	175.0
645.0	185.0
645.0	195.0
645.0	205.0
645.0	215.0
645.0	225.0
645.0	235.0
645.0	245.0
645.0	255.0
645.0	285.0
645.0	295.0
645.0	305.0
645.0	315.0
645.0	325.0
645.0	335.0
645.0	385.0
645.0	405.0
645.0	415.0
645.0	425.0
645.0	435.0
645.0	445.0
645.0	455.0
645.0	465.0
645.0	475.0
645.0	485.0
645.0	495.0
645.0	505.0
645.0	515.0
645.0	525.0
645.0	535.0
645.0	545.0
645.0	555.0
645.0	565.0
645.0	575.0
645.0	585.0
645.0	615.0
645.0	625.0
645.0	635.0
645.0	645.0
645.0	655.0
645.0	665.0
645.0	675.0
645.0	685.0
645.0	695.0
645.0	705.0
645.0	715.0
645.0	745.0
645.0	755.0
645.0	765.0
645.0	775.0
645.0	785.0
645.0	795.0
645.0	805.0
645.0	815.0
645.0	825.0
645.0	835.0
645.0	845.0
645.0	855.0
645.0	865.0
645.0	875.0
645.0	895.0
645.0	905.0
645.0	915.0
645.0	925.0
645.0	935.0
645.0	945.0
645.0	955.0
645.0	965.0
645.0	975.0
645.0	985.0
645.0	995.0
655.0	5.0
655.0	15.0
655.0	25.0
655.0	35.0
655.0	45.0
655.0	55.0
655.0	65.0
655.0	75.0
655.0	85.0
655.0	95.0
655.0	105.0
655.0	135.0
655.0	145.0
655.0	255.0
655.0	285.0
655.0	295.0
655.0	305.0
655.0	315.0
655.0	325.0
655.0	335.0
655.0	365.0
655.0	375.0
655.0	415.0
655.0	425.0
655.0	575.0
655.0	585.0
655.0	615.0
655.0	625.0
655.0	665.0
655.0	675.0
655.0	685.0
655.0	695.0
655.0	705.0
655.0	715.0
655.0	845.0
655.0	855.0
655.0	865.0
655.0	895.0
655.0	905.0
655.0	915.0
655.0	925.0
655.0	935.0
655.0	945.0
655.0	955.0
655.0	965.0
655.0	975.0
655.0	985.0
655.0	995.0
665.0	5.0
665.0	15.0
665.0	25.0
665.0	35.0
665.0	45.0
665.0	55.0
665.0	65.0
665.0	75.0
665.0	85.0
665.0	95.0
665.0	105.0
665.0	135.0
665.0	145.0
665.0	155.0
665.0	255.0
665.0	285.0
665.0	295.0
665.0	305.0
665.0	315.0
665.0	325.0
665.0	335.0
665.0	375.0
665.0	415.0
665.0	425.0
665.0	495.0
665.0	575.0
665.0	585.0
665.0	665.0
665.0	675.0
665.0	685.0
665.0	695.0
665.0	705.0
665.0	715.0
665.0	845.0
665.0	855.0
665.0	865.0
665.0	895.0
665.0	905.0
665.0	915.0
665.0	925.0
665.0	935.0
665.0	945.0
665.0	955.0
665.0	965.0
665.0	975.0
665.0	985.0
665.0	995.0
675.0	5.0
675.0	15.0
675.0	25.0
675.0	35.0
675.0	45.0
675.0	55.0
675.0	65.0
675.0	75.0
675.0	85.0
675.0	95.0
675.0	105.0
675.0	125.0
675.0	135.0
675.0	145.0
675.0	155.0
675.0	165.0
675.0	175.0
675.0	185.0
675.0	195.0
675.0	205.0
675.0	215.0
675.0	225.0
675.0	235.0
675.0	245.0
675.0	255.0
675.0	285.0
675.0	295.0
675.0	305.0
675.0	315.0
675.0	325.0
675.0	335.0
675.0	385.0
675.0	415.0
675.0	425.0
675.0	455.0
675.0	465.0
675.0	475.0
675.0	495.0
675.0	505.0
675.0	525.0
675.0	535.0
675.0	545.0
675.0	575.0
675.0	585.0
675.0	615.0
675.0	665.0
675.0	675.0
675.0	685.0
675.0	695.0
675.0	705.0
675.0	715.0
675.0	745.0
675.0	755.0
675.0	765.0
675.0	775.0
675.0	785.0
675.0	795.0
675.0	805.0
675.0	815.0
675.0	825.0
675.0	835.0
675.0	845.0
675.0	855.0
675.0	865.0
675.0	875.0
675.0	895.0
675.0	905.0
675.0	915.0
675.0	925.0
675.0	935.0
675.0	945.0
675.0	955.0
675.0	965.0
675.0	975.0
675.0	985.0
675.0	995.0
685.0	5.0
685.0	15.0
685.0	25.0
685.0	35.0
685.0	45.0
685.0	55.0
685.0	65.0
685.0	75.0
685.0	85.0
685.0	95.0
685.0	105.0
685.0	135.0
685.0	145.0
685.0	225.0
685.0	255.0
685.0	285.0
685.0	385.0
685.0	455.0
685.0	465.0
685.0	475.0
685.0	495.0
685.0	505.0
685.0	525.0
685.0	535.0
685.0	545.0
685.0	715.0
685.0	745.0
685.0	755.0
685.0	765.0
685.0	845.0
685.0	855.0
685.0	895.0
685.0	905.0
685.0	915.0
685.0	925.0
685.0	935.0
685.0	945.0
685.0	955.0
685.0	965.0
685.0	975.0
685.0	985.0
685.0	995.0
695.0	5.0
695.0	15.0
695.0	25.0
695.0	35.0
695.0	45.0
695.0	55.0
695.0	65.0
695.0	75.0
695.0	85.0
695.0	95.0
695.0	105.0
695.0	135.0
695.0	145.0
695.0	225.0
695.0	285.0
695.0	385.0
695.0	415.0
695.0	455.0
695.0	465.0
695.0	475.0
695.0	495.0
695.0	505.0
695.0	525.0
695.0	535.0
695.0	545.0
695.0	585.0
695.0	615.0
695.0	665.0
695.0	675.0
695.0	715.0
695.0	765.0
695.0	855.0
695.0	895.0
695.0	905.0
695.0	915.0
695.0	925.0
695.0	935.0
695.0	945.0
695.0	955.0
695.0	965.0
695.0	975.0
695.0	985.0
695.0	995.0
705.0	5.0
705.0	15.0
705.0	25.0
705.0	35.0
705.0	45.0
705.0	55.0
705.0	65.0
705.0	75.0
705.0	85.0
705.0	95.0
705.0	105.0
705.0	125.0
705.0	135.0
705.0	145.0
705.0	175.0
705.0	195.0
705.0	225.0
705.0	255.0
705.0	285.0
705.0	315.0
705.0	335.0
705.0	375.0
705.0	415.0
705.0	455.0
705.0	465.0
705.0	475.0
705.0	525.0
705.0	535.0
705.0	545.0
705.0	585.0
705.0	615.0
705.0	635.0
705.0	705.0
705.0	715.0
705.0	765.0
705.0	805.0
705.0	815.0
705.0	825.0
705.0	865.0
705.0	895.0
705.0	905.0
705.0	915.0
705.0	925.0
705.0	935.0
705.0	945.0
705.0	955.0
705.0	965.0
705.0	975.0
705.0	985.0
705.0	995.0
715.0	5.0
715.0	15.0
715.0	25.0
715.0	35.0
715.0	45.0
715.0	55.0
715.0	65.0
715.0	75.0
715.0	85.0
715.0	95.0
715.0	105.0
715.0	135.0
715.0	415.0
715.0	455.0
715.0	465.0
715.0	475.0
715.0	525.0
715.0	535.0
715.0	545.0
715.0	585.0
715.0	895.0
715.0	905.0
715.0	915.0
715.0	925.0
715.0	935.0
715.0	945.0
715.0	955.0
715.0	965.0
715.0	975.0
715.0	985.0
715.0	995.0
725.0	5.0
725.0	15.0
725.0	25.0
725.0	35.0
725.0	45.0
725.0	55.0
725.0	65.0
725.0	75.0
725.0	85.0
725.0	95.0
725.0	105.0
725.0	135.0
725.0	255.0
725.0	285.0
725.0	315.0
725.0	325.0
725.0	335.0
725.0	375.0
725.0	385.0
725.0	415.0
725.0	445.0
725.0	455.0
725.0	465.0
725.0	475.0
725.0	485.0
725.0	495.0
725.0	515.0
725.0	525.0
725.0	545.0
725.0	585.0
725.0	625.0
725.0	895.0
725.0	905.0
725.0	915.0
725.0	925.0
725.0	935.0
725.0	945.0
725.0	955.0
725.0	965.0
725.0	975.0
725.0	985.0
725.0	995.0
735.0	5.0
735.0	15.0
735.0	25.0
735.0	35.0
735.0	45.0
735.0	55.0
735.0	65.0
735.0	75.0
735.0	85.0
735.0	95.0
735.0	105.0
735.0	165.0
735.0	255.0
735.0	265.0
735.0	275.0
735.0	285.0
735.0	315.0
735.0	325.0
735.0	335.0
735.0	345.0
735.0	355.0
735.0	365.0
735.0	375.0
735.0	385.0
735.0	395.0
735.0	405.0
735.0	415.0
735.0	425.0
735.0	435.0
735.0	445.0
735.0	475.0
735.0	485.0
735.0	495.0
735.0	505.0
735.0	515.0
735.0	525.0
735.0	555.0
735.0	565.0
735.0	575.0
735.0	585.0
735.0	595.0
735.0	605.0
735.0	615.0
735.0	625.0
735.0	635.0
735.0	655.0
735.0	665.0
735.0	675.0
735.0	685.0
735.0	705.0
735.0	715.0
735.0	725.0
735.0	735.0
735.0	745.0
735.0	785.0
735.0	815.0
735.0	825.0
735.0	895.0
735.0	905.0
735.0	915.0
735.0	925.0
735.0	935.0
735.0	945.0
735.0	955.0
735.0	965.0
735.0	975.0
735.0	985.0
735.0	995.0
745.0	5.0
745.0	15.0
745.0	25.0
745.0	35.0
745.0	45.0
745.0	55.0
745.0	65.0
745.0	75.0
745.0	85.0
745.0	95.0
745.0	105.0
745.0	165.0
745.0	205.0
745.0	255.0
745.0	265.0
745.0	275.0
745.0	285.0
745.0	315.0
745.0	325.0
745.0	335.0
745.0	345.0
745.0	355.0
745.0	365.0
745.0	375.0
745.0	385.0
745.0	395.0
745.0	405.0
745.0	415.0
745.0	425.0
745.0	435.0
745.0	445.0
745.0	475.0
745.0	485.0
745.0	495.0
745.0	505.0
745.0	515.0
745.0	525.0
745.0	555.0
745.0	565.0
745.0	575.0
745.0	585.0
745.0	595.0
745.0	605.0
745.0	615.0
745.0	625.0
745.0	635.0
745.0	665.0
745.0	675.0
745.0	685.0
745.0	705.0
745.0	715.0
745.0	725.0
745.0	735.0
745.0	745.0
745.0	895.0
745.0	905.0
745.0	915.0
745.0	925.0
745.0	935.0
745.0	945.0
745.0	955.0
745.0	965.0
745.0	975.0
745.0	985.0
745.0	995.0
755.0	5.0
755.0	15.0
755.0	25.0
755.0	35.0
755.0	45.0
755.0	55.0
755.0	65.0
755.0	75.0
755.0	85.0
755.0	95.0
755.0	105.0
755.0	115.0
755.0	125.0
755.0	135.0
755.0	165.0
755.0	205.0
755.0	245.0
755.0	255.0
755.0	265.0
755.0	275.0
755.0	285.0
755.0	295.0
755.0	305.0
755.0	315.0
755.0	325.0
755.0	335.0
755.0	345.0
755.0	355.0
755.0	365.0
755.0	375.0
755.0	385.0
755.0	395.0
755.0	405.0
755.0	415.0
755.0	425.0
755.0	435.0
755.0	445.0
755.0	475.0
755.0	485.0
755.0	495.0
755.0	505.0
755.0	515.0
755.0	525.0
755.0	555.0
755.0	565.0
755.0	575.0
755.0	585.0
755.0	595.0
755.0	605.0
755.0	615.0
755.0	625.0
755.0	635.0
755.0	655.0
755.0	665.0
755.0	675.0
755.0	685.0
755.0	695.0
755.0	705.0
755.0	715.0
755.0	725.0
755.0	735.0
755.0	745.0
755.0	755.0
755.0	895.0
755.0	905.0
755.0	915.0
755.0	925.0
755.0	935.0
755.0	945.0
755.0	955.0
755.0	965.0
755.0	975.0
755.0	985.0
755.0	995.0
765.0	5.0
765.0	15.0
765.0	25.0
765.0	35.0
765.0	45.0
765.0	55.0
765.0	65.0
765.0	75.0
765.0	85.0
765.0	95.0
765.0	105.0
765.0	255.0
765.0	735.0
765.0	745.0
765.0	815.0
765.0	825.0
765.0	835.0
765.0	895.0
765.0	905.0
765.0	915.0
765.0	925.0
765.0	935.0
765.0	945.0
765.0	955.0
765.0	965.0
765.0	975.0
765.0	985.0
765.0	995.0
775.0	5.0
775.0	15.0
775.0	25.0
775.0	35.0
775.0	45.0
775.0	55.0
775.0	65.0
775.0	75.0
775.0	85.0
775.0	95.0
775.0	105.0
775.0	905.0
775.0	915.0
775.0	925.0
775.0	935.0
775.0	945.0
775.0	955.0
775.0	965.0
775.0	975.0
775.0	985.0
775.0	995.0
785.0	5.0
785.0	15.0
785.0	25.0
785.0	35.0
785.0	45.0
785.0	55.0
785.0	65.0
785.0	75.0
785.0	85.0
785.0	95.0
785.0	105.0
785.0	115.0
785.0	255.0
785.0	265.0
785.0	305.0
785.0	315.0
785.0	325.0
785.0	335.0
785.0	345.0
785.0	355.0
785.0	365.0
785.0	375.0
785.0	385.0
785.0	395.0
785.0	405.0
785.0	415.0
785.0	425.0
785.0	435.0
785.0	445.0
785.0	455.0
785.0	465.0
785.0	475.0
785.0	485.0
785.0	495.0
785.0	505.0
785.0	515.0
785.0	525.0
785.0	535.0
785.0	545.0
785.0	555.0
785.0	565.0
785.0	575.0
785.0	585.0
785.0	595.0
785.0	605.0
785.0	615.0
785.0	625.0
785.0	635.0
785.0	645.0
785.0	655.0
785.0	665.0
785.0	675.0
785.0	715.0
785.0	725.0
785.0	735.0
785.0	745.0
785.0	755.0
785.0	765.0
785.0	775.0
785.0	805.0
785.0	815.0
785.0	825.0
785.0	835.0
785.0	895.0
785.0	905.0
785.0	915.0
785.0	925.0
785.0	935.0
785.0	945.0
785.0	955.0
785.0	965.0
785.0	975.0
785.0	985.0
785.0	995.0
795.0	5.0
795.0	15.0
795.0	25.0
795.0	35.0
795.0	45.0
795.0	55.0
795.0	65.0
795.0	75.0
795.0	85.0
795.0	95.0
795.0	105.0
795.0	115.0
795.0	125.0
795.0	135.0
795.0	145.0
795.0	155.0
795.0	165.0
795.0	175.0
795.0	215.0
795.0	225.0
795.0	235.0
795.0	245.0
795.0	255.0
795.0	265.0
795.0	275.0
795.0	285.0
795.0	295.0
795.0	305.0
795.0	315.0
795.0	325.0
795.0	335.0
795.0	345.0
795.0	355.0
795.0	365.0
795.0	375.0
795.0	385.0
795.0	395.0
795.0	405.0
795.0	415.0
795.0	425.0
795.0	435.0
795.0	445.0
795.0	455.0
795.0	465.0
795.0	475.0
795.0	485.0
795.0	495.0
795.0	505.0
795.0	515.0
795.0	525.0
795.0	535.0
795.0	545.0
795.0	555.0
795.0	565.0
795.0	575.0
795.0	585.0
795.0	595.0
795.0	605.0
795.0	615.0
795.0	625.0
795.0	635.0
795.0	645.0
795.0	655.0
795.0	705.0
795.0	715.0
795.0	725.0
795.0	735.0
795.0	745.0
795.0	755.0
795.0	765.0
795.0	775.0
795.0	785.0
795.0	795.0
795.0	805.0
795.0	815.0
795.0	825.0
795.0	835.0
795.0	845.0
795.0	855.0
795.0	865.0
795.0	875.0
795.0	885.0
795.0	895.0
795.0	905.0
795.0	915.0
795.0	925.0
795.0	935.0
795.0	945.0
795.0	955.0
795.0	965.0
795.0	975.0
795.0	985.0
795.0	995.0
805.0	5.0
805.0	15.0
805.0	25.0
805.0	35.0
805.0	45.0
805.0	55.0
805.0	65.0
805.0	75.0
805.0	85.0
805.0	95.0
805.0	105.0
805.0	115.0
805.0	125.0
805.0	135.0
805.0	145.0
805.0	155.0
805.0	165.0
805.0	175.0
805.0	205.0
805.0	215.0
805.0	225.0
805.0	235.0
805.0	245.0
805.0	255.0
805.0	265.0
805.0	275.0
805.0	285.0
805.0	295.0
805.0	305.0
805.0	315.0
805.0	325.0
805.0	335.0
805.0	345.0
805.0	355.0
805.0	365.0
805.0	375.0
805.0	385.0
805.0	395.0
805.0	405.0
805.0	415.0
805.0	425.0
805.0	435.0
805.0	445.0
805.0	455.0
805.0	465.0
805.0	475.0
805.0	485.0
805.0	495.0
805.0	505.0
805.0	515.0
805.0	525.0
805.0	535.0
805.0	545.0
805.0	555.0
805.0	565.0
805.0	575.0
805.0	585.0
805.0	595.0
805.0	605.0
805.0	615.0
805.0	625.0
805.0	635.0
805.0	645.0
805.0	655.0
805.0	685.0
805.0	695.0
805.0	705.0
805.0	715.0
805.0	725.0
805.0	735.0
805.0	745.0
805.0	755.0
805.0	765.0
805.0	775.0
805.0	785.0
805.0	795.0
805.0	805.0
805.0	815.0
805.0	825.0
805.0	835.0
805.0	845.0
805.0	855.0
805.0	865.0
805.0	875.0
805.0	885.0
805.0	895.0
805.0	905.0
805.0	915.0
805.0	925.0
805.0	935.0
805.0	945.0
805.0	955.0
805.0	965.0
805.0	975.0
805.0	985.0
805.0	995.0
815.0	5.0
815.0	15.0
815.0	25.0
815.0	35.0
815.0	45.0
815.0	55.0
815.0	65.0
815.0	75.0
815.0	85.0
815.0	95.0
815.0	105.0
815.0	115.0
815.0	125.0
815.0	135.0
815.0	145.0
815.0	155.0
815.0	165.0
815.0	175.0
815.0	205.0
815.0	215.0
815.0	225.0
815.0	235.0
815.0	245.0
815.0	255.0
815.0	265.0
815.0	275.0
815.0	285.0
815.0	295.0
815.0	305.0
815.0	315.0
815.0	325.0
815.0	335.0
815.0	345.0
815.0	355.0
815.0	365.0
815.0	375.0
815.0	385.0
815.0	395.0
815.0	405.0
815.0	415.0
815.0	425.0
815.0	435.0
815.0	445.0
815.0	455.0
815.0	465.0
815.0	475.0
815.0	485.0
815.0	495.0
815.0	505.0
815.0	515.0
815.0	525.0
815.0	535.0
815.0	545.0
815.0	555.0
815.0	565.0
815.0	575.0
815.0	585.0
815.0	595.0
815.0	605.0
815.0	615.0
815.0	625.0
815.0	635.0
815.0	645.0
815.0	655.0
815.0	685.0
815.0	695.0
815.0	705.0
815.0	715.0
815.0	725.0
815.0	735.0
815.0	745.0
815.0	755.0
815.0	765.0
815.0	775.0
815.0	785.0
815.0	795.0
815.0	805.0
815.0	815.0
815.0	825.0
815.0	835.0
815.0	845.0
815.0	855.0
815.0	865.0
815.0	875.0
815.0	885.0
815.0	895.0
815.0	905.0
815.0	915.0
815.0	925.0
815.0	935.0
815.0	945.0
815.0	955.0
815.0	965.0
815.0	975.0
815.0	985.0
815.0	995.0
825.0	5.0
825.0	15.0
825.0	25.0
825.0	35.0
825.0	45.0
825.0	55.0
825.0	65.0
825.0	75.0
825.0	85.0
825.0	95.0
825.0	105.0
825.0	115.0
825.0	125.0
825.0	135.0
825.0	145.0
825.0	155.0
825.0	165.0
825.0	175.0
825.0	205.0
825.0	215.0
825.0	225.0
825.0	235.0
825.0	245.0
825.0	255.0
825.0	265.0
825.0	275.0
825.0	285.0
825.0	295.0
825.0	305.0
825.0	315.0
825.0	325.0
825.0	335.0
825.0	345.0
825.0	355.0
825.0	365.0
825.0	375.0
825.0	385.0
825.0	395.0
825.0	405.0
825.0	415.0
825.0	425.0
825.0	435.0
825.0	445.0
825.0	455.0
825.0	465.0
825.0	475.0
825.0	485.0
825.0	495.0
825.0	505.0
825.0	515.0
825.0	525.0
825.0	535.0
825.0	545.0
825.0	555.0
825.0	565.0
825.0	575.0
825.0	585.0
825.0	595.0
825.0	605.0
825.0	615.0
825.0	625.0
825.0	635.0
825.0	645.0
825.0	655.0
825.0	685.0
825.0	695.0
825.0	705.0
825.0	715.0
825.0	725.0
825.0	735.0
825.0	745.0
825.0	755.0
825.0	765.0
825.0	775.0
825.0	785.0
825.0	795.0
825.0	805.0
825.0	815.0
825.0	825.0
825.0	835.0
825.0	845.0
825.0	855.0
825.0	865.0
825.0	875.0
825.0	885.0
825.0	895.0
825.0	905.0
825.0	915.0
825.0	925.0
825.0	935.0
825.0	945.0
825.0	955.0
825.0	965.0
825.0	975.0
825.0	985.0
825.0	995.0
835.0	5.0
835.0	15.0
835.0	25.0
835.0	35.0
835.0	45.0
835.0	55.0
835.0	65.0
835.0	75.0
835.0	85.0
835.0	95.0
835.0	105.0
835.0	115.0
835.0	125.0
835.0	135.0
835.0	145.0
835.0	155.0
835.0	165.0
835.0	175.0
835.0	215.0
835.0	225.0
835.0	235.0
835.0	245.0
835.0	255.0
835.0	265.0
835.0	275.0
835.0	285.0
835.0	295.0
835.0	305.0
835.0	315.0
835.0	325.0
835.0	335.0
835.0	345.0
835.0	355.0
835.0	365.0
835.0	375.0
835.0	385.0
835.0	395.0
835.0	405.0
835.0	415.0
835.0	425.0
835.0	435.0
835.0	445.0
835.0	455.0
835.0	465.0
835.0	475.0
835.0	485.0
835.0	495.0
835.0	505.0
835.0	515.0
835.0	525.0
835.0	535.0
835.0	545.0
835.0	555.0
835.0	565.0
835.0	575.0
835.0	585.0
835.0	595.0
835.0	605.0
835.0	615.0
835.0	625.0
835.0	635.0
835.0	645.0
835.0	655.0
835.0	685.0
835.0	705.0
835.0	715.0
835.0	725.0
835.0	735.0
835.0	745.0
835.0	755.0
835.0	765.0
835.0	775.0
835.0	785.0
835.0	795.0
835.0	805.0
835.0	815.0
835.0	825.0
835.0	835.0
835.0	845.0
835.0	855.0
835.0	865.0
835.0	875.0
835.0	885.0
835.0	895.0
835.0	905.0
835.0	915.0
835.0	925.0
835.0	935.0
835.0	945.0
835.0	955.0
835.0	965.0
835.0	975.0
835.0	985.0
835.0	995.0
845.0	5.0
845.0	15.0
845.0	25.0
845.0	35.0
845.0	45.0
845.0	55.0
845.0	65.0
845.0	75.0
845.0	85.0
845.0	95.0
845.0	105.0
845.0	115.0
845.0	125.0
845.0	135.0
845.0	145.0
845.0	155.0
845.0	165.0
845.0	175.0
845.0	185.0
845.0	215.0
845.0	225.0
845.0	235.0
845.0	245.0
845.0	255.0
845.0	265.0
845.0	275.0
845.0	285.0
845.0	295.0
845.0	305.0
845.0	315.0
845.0	325.0
845.0	335.0
845.0	345.0
845.0	355.0
845.0	365.0
845.0	375.0
845.0	385.0
845.0	395.0
845.0	405.0
845.0	415.0
845.0	425.0
845.0	435.0
845.0	445.0
845.0	455.0
845.0	465.0
845.0	475.0
845.0	485.0
845.0	495.0
845.0	505.0
845.0	515.0
845.0	525.0
845.0	535.0
845.0	545.0
845.0	555.0
845.0	565.0
845.0	575.0
845.0	585.0
845.0	595.0
845.0	605.0
845.0	615.0
845.0	625.0
845.0	635.0
845.0	645.0
845.0	655.0
845.0	665.0
845.0	685.0
845.0	705.0
845.0	715.0
845.0	725.0
845.0	735.0
845.0	745.0
845.0	755.0
845.0	765.0
845.0	775.0
845.0	785.0
845.0	795.0
845.0	805.0
845.0	815.0
845.0	825.0
845.0	835.0
845.0	845.0
845.0	855.0
845.0	865.0
845.0	875.0
845.0	885.0
845.0	895.0
845.0	905.0
845.0	915.0
845.0	925.0
845.0	935.0
845.0	945.0
845.0	955.0
845.0	965.0
845.0	975.0
845.0	985.0
845.0	995.0
855.0	5.0
855.0	15.0
855.0	25.0
855.0	35.0
855.0	45.0
855.0	55.0
855.0	65.0
855.0	75.0
855.0	85.0
855.0	95.0
855.0	105.0
855.0	165.0
855.0	175.0
855.0	185.0
855.0	255.0
855.0	315.0
855.0	325.0
855.0	335.0
855.0	345.0
855.0	355.0
855.0	365.0
855.0	375.0
855.0	385.0
855.0	395.0
855.0	405.0
855.0	415.0
855.0	425.0
855.0	435.0
855.0	445.0
855.0	455.0
855.0	465.0
855.0	475.0
855.0	485.0
855.0	495.0
855.0	505.0
855.0	515.0
855.0	525.0
855.0	535.0
855.0	545.0
855.0	555.0
855.0	565.0
855.0	575.0
855.0	585.0
855.0	595.0
855.0	605.0
855.0	615.0
855.0	625.0
855.0	635.0
855.0	645.0
855.0	655.0
855.0	665.0
855.0	675.0
855.0	685.0
855.0	715.0
855.0	735.0
855.0	745.0
855.0	775.0
855.0	895.0
855.0	905.0
855.0	915.0
855.0	925.0
855.0	935.0
855.0	945.0
855.0	955.0
855.0	965.0
855.0	975.0
855.0	985.0
855.0	995.0
865.0	5.0
865.0	15.0
865.0	25.0
865.0	35.0
865.0	45.0
865.0	55.0
865.0	65.0
865.0	75.0
865.0	85.0
865.0	95.0
865.0	255.0
865.0	325.0
865.0	335.0
865.0	345.0
865.0	355.0
865.0	395.0
865.0	405.0
865.0	415.0
865.0	425.0
865.0	435.0
865.0	445.0
865.0	475.0
865.0	485.0
865.0	495.0
865.0	505.0
865.0	515.0
865.0	525.0
865.0	555.0
865.0	565.0
865.0	575.0
865.0	585.0
865.0	595.0
865.0	605.0
865.0	635.0
865.0	645.0
865.0	655.0
865.0	665.0
865.0	675.0
865.0	905.0
865.0	915.0
865.0	925.0
865.0	935.0
865.0	945.0
865.0	955.0
865.0	965.0
865.0	975.0
865.0	985.0
865.0	995.0
875.0	5.0
875.0	15.0
875.0	25.0
875.0	35.0
875.0	45.0
875.0	55.0
875.0	65.0
875.0	75.0
875.0	85.0
875.0	95.0
875.0	105.0
875.0	255.0
875.0	265.0
875.0	275.0
875.0	285.0
875.0	295.0
875.0	325.0
875.0	335.0
875.0	345.0
875.0	355.0
875.0	365.0
875.0	395.0
875.0	405.0
875.0	415.0
875.0	425.0
875.0	435.0
875.0	445.0
875.0	475.0
875.0	485.0
875.0	495.0
875.0	505.0
875.0	515.0
875.0	525.0
875.0	535.0
875.0	545.0
875.0	555.0
875.0	565.0
875.0	575.0
875.0	585.0
875.0	595.0
875.0	605.0
875.0	635.0
875.0	645.0
875.0	655.0
875.0	665.0
875.0	675.0
875.0	715.0
875.0	745.0
875.0	775.0
875.0	895.0
875.0	905.0
875.0	915.0
875.0	925.0
875.0	935.0
875.0	945.0
875.0	955.0
875.0	965.0
875.0	975.0
875.0	985.0
875.0	995.0
885.0	5.0
885.0	15.0
885.0	25.0
885.0	35.0
885.0	45.0
885.0	55.0
885.0	65.0
885.0	75.0
885.0	85.0
885.0	95.0
885.0	105.0
885.0	115.0
885.0	125.0
885.0	135.0
885.0	145.0
885.0	155.0
885.0	165.0
885.0	175.0
885.0	185.0
885.0	195.0
885.0	205.0
885.0	215.0
885.0	225.0
885.0	235.0
885.0	245.0
885.0	255.0
885.0	265.0
885.0	275.0
885.0	285.0
885.0	295.0
885.0	305.0
885.0	315.0
885.0	325.0
885.0	335.0
885.0	345.0
885.0	355.0
885.0	365.0
885.0	375.0
885.0	385.0
885.0	395.0
885.0	405.0
885.0	415.0
885.0	425.0
885.0	435.0
885.0	445.0
885.0	455.0
885.0	465.0
885.0	475.0
885.0	485.0
885.0	495.0
885.0	505.0
885.0	515.0
885.0	525.0
885.0	535.0
885.0	545.0
885.0	555.0
885.0	565.0
885.0	575.0
885.0	585.0
885.0	595.0
885.0	605.0
885.0	615.0
885.0	625.0
885.0	635.0
885.0	645.0
885.0	655.0
885.0	665.0
885.0	675.0
885.0	685.0
885.0	695.0
885.0	705.0
885.0	715.0
885.0	725.0
885.0	735.0
885.0	745.0
885.0	755.0
885.0	765.0
885.0	775.0
885.0	785.0
885.0	795.0
885.0	805.0
885.0	815.0
885.0	825.0
885.0	835.0
885.0	845.0
885.0	855.0
885.0	865.0
885.0	875.0
885.0	885.0
885.0	895.0
885.0	905.0
885.0	915.0
885.0	925.0
885.0	935.0
885.0	945.0
885.0	955.0
885.0	965.0
885.0	975.0
885.0	985.0
885.0	995.0
895.0	5.0
895.0	15.0
895.0	25.0
895.0	35.0
895.0	45.0
895.0	55.0
895.0	65.0
895.0	75.0
895.0	85.0
895.0	95.0
895.0	105.0
895.0	115.0
895.0	125.0
895.0	135.0
895.0	145.0
895.0	155.0
895.0	165.0
895.0	175.0
895.0	185.0
895.0	195.0
895.0	205.0
895.0	215.0
895.0	225.0
895.0	235.0
895.0	245.0
895.0	255.0
895.0	265.0
895.0	275.0
895.0	285.0
895.0	295.0
895.0	305.0
895.0	315.0
895.0	325.0
895.0	335.0
895.0	345.0
895.0	355.0
895.0	365.0
895.0	375.0
895.0	385.0
895.0	395.0
895.0	405.0
895.0	415.0
895.0	425.0
895.0	435.0
895.0	445.0
895.0	455.0
895.0	465.0
895.0	475.0
895.0	485.0
895.0	495.0
895.0	505.0
895.0	515.0
895.0	525.0
895.0	535.0
895.0	545.0
895.0	555.0
895.0	565.0
895.0	575.0
895.0	585.0
895.0	595.0
895.0	605.0
895.0	615.0
895.0	625.0
895.0	635.0
895.0	645.0
895.0	655.0
895.0	665.0
895.0	675.0
895.0	685.0
895.0	695.0
895.0	705.0
895.0	715.0
895.0	725.0
895.0	735.0
895.0	745.0
895.0	755.0
895.0	765.0
895.0	775.0
895.0	785.0
895.0	795.0
895.0	805.0
895.0	815.0
895.0	825.0
895.0	835.0
895.0	845.0
895.0	855.0
895.0	865.0
895.0	875.0
895.0	885.0
895.0	895.0
895.0	905.0
895.0	915.0
895.0	925.0
895.0	935.0
895.0	945.0
895.0	955.0
895.0	965.0
895.0	975.0
895.0	985.0
895.0	995.0
905.0	5.0
905.0	15.0
905.0	25.0
905.0	35.0
905.0	45.0
905.0	55.0
905.0	65.0
905.0	75.0
905.0	85.0
905.0	95.0
905.0	105.0
905.0	115.0
905.0	125.0
905.0	135.0
905.0	145.0
905.0	155.0
905.0	165.0
905.0	175.0
905.0	185.0
905.0	195.0
905.0	205.0
905.0	215.0
905.0	225.0
905.0	235.0
905.0	245.0
905.0	255.0
905.0	265.0
905.0	275.0
905.0	285.0
905.0	295.0
905.0	305.0
905.0	315.0
905.0	325.0
905.0	335.0
905.0	345.0
905.0	355.0
905.0	365.0
905.0	375.0
905.0	385.0
905.0	395.0
905.0	405.0
905.0	415.0
905.0	425.0
905.0	435.0
905.0	445.0
905.0	455.0
905.0	465.0
905.0	475.0
905.0	485.0
905.0	495.0
905.0	505.0
905.0	515.0
905.0	525.0
905.0	535.0
905.0	545.0
905.0	555.0
905.0	565.0
905.0	575.0
905.0	585.0
905.0	595.0
905.0	605.0
905.0	615.0
905.0	625.0
905.0	635.0
905.0	645.0
905.0	655.0
905.0	665.0
905.0	675.0
905.0	685.0
905.0	695.0
905.0	705.0
905.0	715.0
905.0	725.0
905.0	735.0
905.0	745.0
905.0	755.0
905.0	765.0
905.0	775.0
905.0	785.0
905.0	795.0
905.0	805.0
905.0	815.0
905.0	825.0
905.0	835.0
905.0	845.0
905.0	855.0
905.0	865.0
905.0	875.0
905.0	885.0
905.0	895.0
905.0	905.0
905.0	915.0
905.0	925.0
905.0	935.0
905.0	945.0
905.0	955.0
905.0	965.0
905.0	975.0
905.0	985.0
905.0	995.0
915.0	5.0
915.0	15.0
915.0	25.0
915.0	35.0
915.0	45.0
915.0	55.0
915.0	65.0
915.0	75.0
915.0	85.0
915.0	95.0
915.0	105.0
915.0	115.0
915.0	125.0
915.0	135.0
915.0	145.0
915.0	155.0
915.0	165.0
915.0	175.0
915.0	185.0
915.0	195.0
915.0	205.0
915.0	215.0
915.0	225.0
915.0	235.0
915.0	245.0
915.0	255.0
915.0	265.0
915.0	275.0
915.0	285.0
915.0	295.0
915.0	305.0
915.0	315.0
915.0	325.0
915.0	335.0
915.0	345.0
915.0	355.0
915.0	365.0
915.0	375.0
915.0	385.0
915.0	395.0
915.0	405.0
915.0	415.0
915.0	425.0
915.0	435.0
915.0	445.0
915.0	455.0
915.0	465.0
915.0	475.0
915.0	485.0
915.0	495.0
915.0	505.0
915.0	515.0
915.0	525.0
915.0	535.0
915.0	545.0
915.0	555.0
915.0	565.0
915.0	575.0
915.0	585.0
915.0	595.0
915.0	605.0
915.0	615.0
915.0	625.0
915.0	635.0
915.0	645.0
915.0	655.0
915.0	665.0
915.0	675.0
915.0	685.0
915.0	695.0
915.0	705.0
915.0	715.0
915.0	725.0
915.0	735.0
915.0	745.0
915.0	755.0
915.0	765.0
915.0	775.0
915.0	785.0
915.0	795.0
915.0	805.0
915.0	815.0
915.0	825.0
915.0	835.0
915.0	845.0
915.0	855.0
915.0	865.0
915.0	875.0
915.0	885.0
915.0	895.0
915.0	905.0
915.0	915.0
915.0	925.0
915.0	935.0
915.0	945.0
915.0	955.0
915.0	965.0
915.0	975.0
915.0	985.0
915.0	995.0
925.0	5.0
925.0	15.0
925.0	25.0
925.0	35.0
925.0	45.0
925.0	55.0
925.0	65.0
925.0	75.0
925.0	85.0
925.0	95.0
925.0	105.0
925.0	115.0
925.0	125.0
925.0	135.0
925.0	145.0
925.0	155.0
925.0	165.0
925.0	175.0
925.0	185.0
925.0	195.0
925.0	205.0
925.0	215.0
925.0	225.0
925.0	235.0
925.0	245.0
925.0	255.0
925.0	265.0
925.0	275.0
925.0	285.0
925.0	295.0
925.0	305.0
925.0	315.0
925.0	325.0
925.0	335.0
925.0	345.0
925.0	355.0
925.0	365.0
925.0	375.0
925.0	385.0
925.0	395.0
925.0	405.0
925.0	415.0
925.0	425.0
925.0	435.0
925.0	445.0
925.0	455.0
925.0	465.0
925.0	475.0
925.0	485.0
925.0	495.0
925.0	505.0
925.0	515.0
925.0	525.0
925.0	535.0
925.0	545.0
925.0	555.0
925.0	565.0
925.0	575.0
925.0	585.0
925.0	595.0
925.0	605.0
925.0	615.0
925.0	625.0
925.0	635.0
925.0	645.0
925.0	655.0
925.0	665.0
925.0	675.0
925.0	685.0
925.0	695.0
925.0	705.0
925.0	715.0
925.0	725.0
925.0	735.0
925.0	745.0
925.0	755.0
925.0	765.0
925.0	775.0
925.0	785.0
925.0	795.0
925.0	805.0
925.0	815.0
925.0	825.0
925.0	835.0
925.0	845.0
925.0	855.0
925.0	865.0
925.0	875.0
925.0	885.0
925.0	895.0
925.0	905.0
925.0	915.0
925.0	925.0
925.0	935.0
925.0	945.0
925.0	955.0
925.0	965.0
925.0	975.0
925.0	985.0
925.0	995.0
935.0	5.0
935.0	15.0
935.0	25.0
935.0	35.0
935.0	45.0
935.0	55.0
935.0	65.0
935.0	75.0
935.0	85.0
935.0	95.0
935.0	105.0
935.0	115.0
935.0	125.0
935.0	135.0
935.0	145.0
935.0	155.0
935.0	165.0
935.0	175.0
935.0	185.0
935.0	195.0
935.0	205.0
935.0	215.0
935.0	225.0
935.0	235.0
935.0	245.0
935.0	255.0
935.0	265.0
935.0	275.0
935.0	285.0
935.0	295.0
935.0	305.0
935.0	315.0
935.0	325.0
935.0	335.0
935.0	345.0
935.0	355.0
935.0	365.0
935.0	375.0
935.0	385.0
935.0	395.0
935.0	405.0
935.0	415.0
935.0	425.0
935.0	435.0
935.0	445.0
935.0	455.0
935.0	465.0
935.0	475.0
935.0	485.0
935.0	495.0
935.0	505.0
935.0	515.0
935.0	525.0
935.0	535.0
935.0	545.0
935.0	555.0
935.0	565.0
935.0	575.0
935.0	585.0
935.0	595.0
935.0	605.0
935.0	615.0
935.0	625.0
935.0	635.0
935.0	645.0
935.0	655.0
935.0	665.0
935.0	675.0
935.0	685.0
935.0	695.0
935.0	705.0
935.0	715.0
935.0	725.0
935.0	735.0
935.0	745.0
935.0	755.0
935.0	765.0
935.0	775.0
935.0	785.0
935.0	795.0
935.0	805.0
935.0	815.0
935.0	825.0
935.0	835.0
935.0	845.0
935.0	855.0
935.0	865.0
935.0	875.0
935.0	885.0
935.0	895.0
935.0	905.0
935.0	915.0
935.0	925.0
935.0	935.0
935.0	945.0
935.0	955.0
935.0	965.0
935.0	975.0
935.0	985.0
935.0	995.0
945.0	5.0
945.0	15.0
945.0	25.0
945.0	35.0
945.0	45.0
945.0	55.0
945.0	65.0
945.0	75.0
945.0	85.0
945.0	95.0
945.0	105.0
945.0	115.0
945.0	125.0
945.0	135.0
945.0	145.0
945.0	155.0
945.0	165.0
945.0	175.0
945.0	185.0
945.0	195.0
945.0	205.0
945.0	215.0
945.0	225.0
945.0	235.0
945.0	245.0
945.0	255.0
945.0	265.0
945.0	275.0
945.0	285.0
945.0	295.0
945.0	305.0
945.0	315.0
945.0	325.0
945.0	335.0
945.0	345.0
945.0	355.0
945.0	365.0
945.0	375.0
945.0	385.0
945.0	395.0
945.0	405.0
945.0	415.0
945.0	425.0
945.0	435.0
945.0	445.0
945.0	455.0
945.0	465.0
945.0	475.0
945.0	485.0
945.0	495.0
945.0	505.0
945.0	515.0
945.0	525.0
945.0	535.0
945.0	545.0
945.0	555.0
945.0	565.0
945.0	575.0
945.0	585.0
945.0	595.0
945.0	605.0
945.0	615.0
945.0	625.0
945.0	635.0
945.0	645.0
945.0	655.0
945.0	665.0
945.0	675.0
945.0	685.0
945.0	695.0
945.0	705.0
945.0	715.0
945.0	725.0
945.0	735.0
945.0	745.0
945.0	755.0
945.0	765.0
945.0	775.0
945.0	785.0
945.0	795.0
945.0	805.0
945.0	815.0
945.0	825.0
945.0	835.0
945.0	845.0
945.0	855.0
945.0	865.0
945.0	875.0
945.0	885.0
945.0	895.0
945.0	905.0
945.0	915.0
945.0	925.0
945.0	935.0
945.0	945.0
945.0	955.0
945.0	965.0
945.0	975.0
945.0	985.0
945.0	995.0
955.0	5.0
955.0	15.0
955.0	25.0
955.0	35.0
955.0	45.0
955.0	55.0
955.0	65.0
955.0	75.0
955.0	85.0
955.0	95.0
955.0	105.0
955.0	115.0
955.0	125.0
955.0	135.0
955.0	145.0
955.0	155.0
955.0	165.0
955.0	175.0
955.0	185.0
955.0	195.0
955.0	205.0
955.0	215.0
955.0	225.0
955.0	235.0
955.0	245.0
955.0	255.0
955.0	265.0
955.0	275.0
955.0	285.0
955.0	295.0
955.0	305.0
955.0	315.0
955.0	325.0
955.0	335.0
955.0	345.0
955.0	355.0
955.0	365.0
955.0	375.0
955.0	385.0
955.0	395.0
955.0	405.0
955.0	415.0
955.0	425.0
955.0	435.0
955.0	445.0
955.0	455.0
955.0	465.0
955.0	475.0
955.0	485.0
955.0	495.0
955.0	505.0
955.0	515.0
955.0	525.0
955.0	535.0
955.0	545.0
955.0	555.0
955.0	565.0
955.0	575.0
955.0	585.0
955.0	595.0
955.0	605.0
955.0	615.0
955.0	625.0
955.0	635.0
955.0	645.0
955.0	655.0
955.0	665.0
955.0	675.0
955.0	685.0
955.0	695.0
955.0	705.0
955.0	715.0
955.0	725.0
955.0	735.0
955.0	745.0
955.0	755.0
955.0	765.0
955.0	775.0
955.0	785.0
955.0	795.0
955.0	805.0
955.0	815.0
955.0	825.0
955.0	835.0
955.0	845.0
955.0	855.0
955.0	865.0
955.0	875.0
955.0	885.0
955.0	895.0
955.0	905.0
955.0	915.0
955.0	925.0
955.0	935.0
955.0	945.0
955.0	955.0
955.0	965.0
955.0	975.0
955.0	985.0
955.0	995.0
965.0	5.0
965.0	15.0
965.0	25.0
965.0	35.0
965.0	45.0
965.0	55.0
965.0	65.0
965.0	75.0
965.0	85.0
965.0	95.0
965.0	105.0
965.0	115.0
965.0	125.0
965.0	135.0
965.0	145.0
965.0	155.0
965.0	165.0
965.0	175.0
965.0	185.0
965.0	195.0
965.0	205.0
965.0	215.0
965.0	225.0
965.0	235.0
965.0	245.0
965.0	255.0
965.0	265.0
965.0	275.0
965.0	285.0
965.0	295.0
965.0	305.0
965.0	315.0
965.0	325.0
965.0	335.0
965.0	345.0
965.0	355.0
965.0	365.0
965.0	375.0
965.0	385.0
965.0	395.0
965.0	405.0
965.0	415.0
965.0	425.0
965.0	435.0
965.0	445.0
965.0	455.0
965.0	465.0
965.0	475.0
965.0	485.0
965.0	495.0
965.0	505.0
965.0	515.0
965.0	525.0
965.0	535.0
965.0	545.0
965.0	555.0
965.0	565.0
965.0	575.0
965.0	585.0
965.0	595.0
965.0	605.0
965.0	615.0
965.0	625.0
965.0	635.0
965.0	645.0
965.0	655.0
965.0	665.0
965.0	675.0
965.0	685.0
965.0	695.0
965.0	705.0
965.0	715.0
965.0	725.0
965.0	735.0
965.0	745.0
965.0	755.0
965.0	765.0
965.0	775.0
965.0	785.0
965.0	795.0
965.0	805.0
965.0	815.0
965.0	825.0
965.0	835.0
965.0	845.0
965.0	855.0
965.0	865.0
965.0	875.0
965.0	885.0
965.0	895.0
965.0	905.0
965.0	915.0
965.0	925.0
965.0	935.0
965.0	945.0
965.0	955.0
965.0	965.0
965.0	975.0
965.0	985.0
965.0	995.0
975.0	5.0
975.0	15.0
975.0	25.0
975.0	35.0
975.0	45.0
975.0	55.0
975.0	65.0
975.0	75.0
975.0	85.0
975.0	95.0
975.0	105.0
975.0	115.0
975.0	125.0
975.0	135.0
975.0	145.0
975.0	155.0
975.0	165.0
975.0	175.0
975.0	185.0
975.0	195.0
975.0	205.0
975.0	215.0
975.0	225.0
975.0	235.0
975.0	245.0
975.0	255.0
975.0	265.0
975.0	275.0
975.0	285.0
975.0	295.0
975.0	305.0
975.0	315.0
975.0	325.0
975.0	335.0
975.0	345.0
975.0	355.0
975.0	365.0
975.0	375.0
975.0	385.0
975.0	395.0
975.0	405.0
975.0	415.0
975.0	425.0
975.0	435.0
975.0	445.0
975.0	455.0
975.0	465.0
975.0	475.0
975.0	485.0
975.0	495.0
975.0	505.0
975.0	515.0
975.0	525.0
975.0	535.0
975.0	545.0
975.0	555.0
975.0	565.0
975.0	575.0
975.0	585.0
975.0	595.0
975.0	605.0
975.0	615.0
975.0	625.0
975.0	635.0
975.0	645.0
975.0	655.0
975.0	665.0
975.0	675.0
975.0	685.0
975.0	695.0
975.0	705.0
975.0	715.0
975.0	725.0
975.0	735.0
975.0	745.0
975.0	755.0
975.0	765.0
975.0	775.0
975.0	785.0
975.0	795.0
975.0	805.0
975.0	815.0
975.0	825.0
975.0	835.0
975.0	845.0
975.0	855.0
975.0	865.0
975.0	875.0
975.0	885.0
975.0	895.0
975.0	905.0
975.0	915.0
975.0	925.0
975.0	935.0
975.0	945.0
975.0	955.0
975.0	965.0
975.0	975.0
975.0	985.0
975.0	995.0
985.0	5.0
985.0	15.0
985.0	25.0
985.0	35.0
985.0	45.0
985.0	55.0
985.0	65.0
985.0	75.0
985.0	85.0
985.0	95.0
985.0	105.0
985.0	115.0
985.0	125.0
985.0	135.0
985.0	145.0
985.0	155.0
985.0	165.0
985.0	175.0
985.0	185.0
985.0	195.0
985.0	205.0
985.0	215.0
985.0	225.0
985.0	235.0
985.0	245.0
985.0	255.0
985.0	265.0
985.0	275.0
985.0	285.0
985.0	295.0
985.0	305.0
985.0	315.0
985.0	325.0
985.0	335.0
985.0	345.0
985.0	355.0
985.0	365.0
985.0	375.0
985.0	385.0
985.0	395.0
985.0	405.0
985.0	415.0
985.0	425.0
985.0	435.0
985.0	445.0
985.0	455.0
985.0	465.0
985.0	475.0
985.0	485.0
985.0	495.0
985.0	505.0
985.0	515.0
985.0	525.0
985.0	535.0
985.0	545.0
985.0	555.0
985.0	565.0
985.0	575.0
985.0	585.0
985.0	595.0
985.0	605.0
985.0	615.0
985.0	625.0
985.0	635.0
985.0	645.0
985.0	655.0
985.0	665.0
985.0	675.0
985.0	685.0
985.0	695.0
985.0	705.0
985.0	715.0
985.0	725.0
985.0	735.0
985.0	745.0
985.0	755.0
985.0	765.0
985.0	775.0
985.0	785.0
985.0	795.0
985.0	805.0
985.0	815.0
985.0	825.0
985.0	835.0
985.0	845.0
985.0	855.0
985.0	865.0
985.0	875.0
985.0	885.0
985.0	895.0
985.0	905.0
985.0	915.0
985.0	925.0
985.0	935.0
985.0	945.0
985.0	955.0
985.0	965.0
985.0	975.0
985.0	985.0
985.0	995.0
995.0	5.0
995.0	15.0
995.0	25.0
995.0	35.0
995.0	45.0
995.0	55.0
995.0	65.0
995.0	75.0
995.0	85.0
995.0	95.0
995.0	105.0
995.0	115.0
995.0	125.0
995.0	135.0
995.0	145.0
995.0	155.0
995.0	165.0
995.0	175.0
995.0	185.0
995.0	195.0
995.0	205.0
995.0	215.0
995.0	225.0
995.0	235.0
995.0	245.0
995.0	255.0
995.0	265.0
995.0	275.0
995.0	285.0
995.0	295.0
995.0	305.0
995.0	315.0
995.0	325.0
995.0	335.0
995.0	345.0
995.0	355.0
995.0	365.0
995.0	375.0
995.0	385.0
995.0	395.0
995.0	405.0
995.0	415.0
995.0	425.0
995.0	435.0
995.0	445.0
995.0	455.0
995.0	465.0
995.0	475.0
995.0	485.0
995.0	495.0
995.0	505.0
995.0	515.0
995.0	525.0
995.0	535.0
995.0	545.0
995.0	555.0
995.0	565.0
995.0	575.0
995.0	585.0
995.0	595.0
995.0	605.0
995.0	615.0
995.0	625.0
995.0	635.0
995.0	645.0
995.0	655.0
995.0	665.0
995.0	675.0
995.0	685.0
995.0	695.0
995.0	705.0
995.0	715.0
995.0	725.0
995.0	735.0
995.0	745.0
995.0	755.0
995.0	765.0
995.0	775.0
995.0	785.0
995.0	795.0
995.0	805.0
995.0	815.0
995.0	825.0
995.0	835.0
995.0	845.0
995.0	855.0
995.0	865.0
995.0	875.0
995.0	885.0
995.0	895.0
995.0	905.0
995.0	915.0
995.0	925.0
995.0	935.0
995.0	945.0
995.0	955.0
995.0	965.0
995.0	975.0
995.0	985.0
995.0	995.0
665.0	615.0
685.0	615.0
715.0	615.0
715.0	385.0
705.0	385.0
215.0	385.0
205.0	385.0
185.0	385.0
185.0	385.0
185.0	385.0
195.0	385.0
165.0	445.0
185.0	835.0
185.0	835.0
195.0	845.0
445.0	765.0
485.0	745.0
495.0	745.0
435.0	745.0
445.0	745.0
645.0	735.0
655.0	745.0
665.0	735.0
695.0	735.0
705.0	735.0
715.0	735.0
715.0	735.0
725.0	745.0
755.0	645.0
255.0	275.0
435.0	255.0
445.0	255.0
495.0	255.0
375.0	255.0
555.0	255.0
545.0	255.0
685.0	255.0
715.0	255.0
695.0	255.0
235.0	875.0
915.0	515.0
645.0	345.0
645.0	355.0
615.0	355.0
665.0	345.0
665.0	355.0
675.0	365.0
655.0	385.0
665.0	385.0
325.0	365.0
325.0	355.0
335.0	355.0
375.0	315.0
375.0	285.0
